1;211831.0;18807.0;100596.0;13;16.79;49158.8;20;103967.0;52961.18;1;13;90;10;47;6;3;25;2
2;423203.0;6362.0;194369.0;96;48.7;30376.39;33;197059.0;32377.74;1;318;35;3;43;14;3;256;4
3;234373.0;8612.0;137628.0;22;17.66;69350.35;112;141929.0;71599.87;2;402;42;9;34;5;3;224;2
4;123815.0;6035.0;129492.0;84;13.76;65882.32;119;129930.0;69028.11;3;399;64;5;31;14;1;712;1
5;233396.0;11575.0;48834.0;7;91.62;56504.66;63;53484.0;59691.12;5;56;54;9;8;8;3;170;0
6;169368.0;514.0;20815.0;67;65.74;46965.47;18;24473.0;47329.63;3;366;40;4;13;8;4;538;1
7;14175.0;6597.0;118072.0;77;96.79;6098.49;11;120580.0;9961.51;3;362;24;1;11;16;4;467;1
8;472662.0;4914.0;23748.0;123;58.33;93186.46;49;27392.0;94960.65;2;88;49;1;23;1;1;875;1
9;361742.0;6579.0;198752.0;88;71.69;96605.53;34;201610.0;97261.28;3;85;25;4;31;1;5;841;0
10;380820.0;17237.0;34936.0;21;5.85;18270.85;99;38361.0;18274.35;2;229;2;2;34;14;4;398;1
11;402254.0;18653.0;181306.0;97;71.05;24475.58;99;183391.0;27325.76;1;376;27;9;31;12;4;109;4
12;140918.0;16859.0;157430.0;77;99.22;7145.66;65;161253.0;8892.63;4;136;20;8;21;19;2;10;4
13;451265.0;824.0;100995.0;90;90.17;24724.12;122;105525.0;28484.18;2;255;4;6;4;10;2;583;0
14;84734.0;2354.0;87177.0;41;56.22;75898.46;22;88742.0;80612.76;4;334;31;7;14;10;5;616;2
15;478160.0;19272.0;80020.0;93;74.81;33929.54;1;81795.0;37832.65;4;10;14;5;27;20;2;253;4
16;460044.0;18408.0;61734.0;12;98.02;50144.08;91;66462.0;50866.93;3;498;79;6;13;13;5;610;1
17;223293.0;10618.0;161423.0;18;51.22;55380.48;109;163635.0;59644.85;1;181;25;2;44;5;1;750;0
18;202213.0;7268.0;64121.0;66;89.66;69474.43;57;64706.0;71062.06;1;366;8;1;47;17;1;199;1
19;363316.0;9928.0;167415.0;2;13.13;34027.55;55;170110.0;36718.72;3;231;5;10;4;7;2;31;4
20;307221.0;5938.0;89657.0;47;13.82;10753.13;120;90617.0;13784.21;2;4;32;6;22;17;1;934;1
21;215984.0;1850.0;165578.0;66;98.87;89679.16;49;167640.0;90308.5;4;499;83;1;10;17;4;747;1
22;207768.0;14584.0;195119.0;66;57.16;51854.8;120;196499.0;55875.85;5;104;58;9;38;20;4;497;1
23;354960.0;3796.0;68214.0;38;43.1;8455.22;92;69973.0;11711.62;5;130;53;7;33;2;4;407;2
24;99657.0;13393.0;178259.0;103;67.79;93082.64;9;181048.0;96801.86;4;359;46;9;16;7;5;712;1
25;26665.0;13111.0;131842.0;34;11.43;74330.72;100;132662.0;74780.4;4;288;17;10;25;20;2;607;4
26;13384.0;11370.0;48975.0;82;5.56;98394.81;16;51557.0;101931.9;2;485;80;4;32;18;4;881;4
27;157027.0;18205.0;116885.0;17;44.29;10489.99;99;120250.0;14162.94;5;33;5;5;49;19;5;841;0
28;152640.0;18071.0;130047.0;22;89.59;37933.17;57;132207.0;40097.13;2;68;24;2;25;12;4;534;0
29;214188.0;1430.0;43024.0;95;17.6;15860.0;59;43482.0;16258.18;4;104;36;2;26;13;1;694;1
30;123230.0;8957.0;78958.0;124;88.04;51638.17;58;83436.0;55446.94;5;131;48;7;18;6;4;308;1
31;30879.0;10256.0;33040.0;122;50.1;89324.58;91;37829.0;90048.52;2;249;93;4;30;7;1;936;0
32;494347.0;14107.0;126588.0;34;82.42;18002.31;108;127855.0;18353.68;2;445;84;8;12;8;4;428;1
33;473110.0;3493.0;182503.0;88;7.93;48284.89;59;182899.0;50251.58;4;401;5;10;30;8;2;648;4
34;343830.0;5758.0;97818.0;19;20.32;99131.09;72;98527.0;102242.7;4;382;96;5;2;12;2;528;2
35;195702.0;19222.0;55571.0;16;68.05;17566.85;74;57327.0;21996.54;5;388;30;2;41;16;4;760;2
36;130378.0;4328.0;129767.0;56;48.2;88453.21;98;130147.0;89490.15;2;132;27;4;28;2;2;13;2
37;416958.0;17523.0;34911.0;88;35.74;38896.2;45;37576.0;40649.27;3;89;30;7;9;2;2;404;4
38;31186.0;10808.0;170339.0;12;43.4;31521.98;29;174544.0;35175.92;5;359;5;2;38;12;4;719;1
39;453441.0;15263.0;42619.0;110;16.51;32257.94;60;45794.0;36329.19;5;427;99;5;16;9;2;573;1
40;108129.0;2058.0;197425.0;4;92.18;97575.09;57;201438.0;97775.19;2;270;59;1;17;6;2;737;4
41;467267.0;15525.0;132902.0;117;37.16;19587.72;8;133631.0;23459.05;4;348;43;7;36;12;4;713;4
42;39437.0;8278.0;195019.0;3;96.28;60251.64;10;197892.0;63469.35;2;209;15;5;9;7;1;308;4
43;493742.0;1374.0;85082.0;68;6.33;86518.63;11;86870.0;86808.26;1;493;23;3;14;14;3;631;1
44;302348.0;5739.0;40386.0;102;55.47;45563.53;10;44114.0;49121.93;1;18;71;3;28;20;1;214;2
45;359651.0;16777.0;52520.0;103;53.6;26534.41;36;52757.0;31118.93;5;92;92;8;50;20;3;-1;1
46;45751.0;3221.0;180700.0;116;33.83;69302.99;5;181006.0;73643.63;3;303;82;8;32;8;4;943;2
47;133250.0;10359.0;103059.0;108;38.37;58371.34;59;106974.0;59043.16;3;457;92;1;43;18;3;335;0
48;497219.0;16677.0;105884.0;91;75.0;7034.35;32;110742.0;7846.03;1;224;60;10;14;15;5;401;0
49;444276.0;17146.0;31943.0;37;41.31;7933.88;26;34366.0;12392.27;2;432;74;1;11;18;1;815;0
50;165853.0;13017.0;124313.0;81;42.08;56023.14;92;125487.0;58757.87;4;240;43;10;36;11;3;608;2
51;41159.0;7724.0;62145.0;93;45.9;12000.12;104;65708.0;14910.69;5;415;42;7;46;19;1;193;1
52;422860.0;8023.0;81468.0;63;23.45;36106.39;17;82107.0;36821.32;4;366;51;9;29;6;3;593;0
53;133232.0;17242.0;86141.0;48;45.64;88641.13;41;90000.0;93313.72;5;332;65;2;32;17;4;347;2
54;353406.0;10504.0;61588.0;51;49.7;33741.16;28;62894.0;37818.2;2;220;52;9;28;12;3;380;0
55;105461.0;5262.0;118779.0;10;81.71;4885.6;79;121432.0;7256.52;5;251;62;9;11;14;3;65;2
56;377218.0;7383.0;21589.0;16;86.7;6523.66;5;22552.0;11109.92;5;323;15;10;49;11;5;502;4
57;100188.0;10847.0;109584.0;102;50.29;45234.87;95;111273.0;49670.72;2;270;50;3;49;12;3;694;4
58;246023.0;323.0;24000.0;16;81.32;84908.75;79;28086.0;86485.26;2;174;56;7;29;10;5;104;4
59;83995.0;7146.0;182501.0;75;59.75;94920.38;30;183246.0;98495.67;1;268;64;3;8;1;3;227;4
60;435202.0;11349.0;199274.0;60;88.66;71374.78;79;202842.0;75418.04;1;336;49;2;32;2;1;867;0
61;51967.0;18328.0;199434.0;52;49.38;98663.56;109;202108.0;103619.28;2;496;42;6;15;10;1;91;0
62;198394.0;17710.0;79829.0;108;60.71;89616.68;93;79957.0;90917.54;1;416;63;10;1;19;5;549;2
63;139446.0;15129.0;20516.0;108;32.59;62022.01;127;23882.0;63333.0;5;201;97;5;18;11;2;280;4
64;16245.0;1859.0;39710.0;21;70.21;18440.04;61;40702.0;21529.8;2;137;94;5;50;8;2;641;1
65;49145.0;18985.0;165022.0;123;9.64;58357.55;96;167099.0;60181.69;3;376;43;8;29;3;3;514;2
66;496022.0;10444.0;57381.0;51;66.84;6601.02;98;59406.0;9161.43;4;328;53;1;49;20;1;906;4
67;355688.0;14947.0;30632.0;69;59.37;93000.6;17;33849.0;94323.24;2;400;67;10;3;17;5;514;0
68;128239.0;6563.0;39261.0;109;7.84;66397.33;9;41464.0;68531.23;3;429;45;9;48;4;4;214;2
69;366263.0;274.0;49756.0;95;66.6;31541.76;3;52208.0;32215.92;1;297;5;7;11;7;1;411;4
70;216437.0;8579.0;45183.0;83;14.74;16574.08;41;46091.0;20024.76;5;191;24;4;34;10;2;610;1
71;226119.0;6555.0;6216.0;64;25.35;95284.7;66;9150.0;99765.45;1;99;82;6;14;11;5;246;0
72;484070.0;18684.0;163889.0;108;14.54;31898.01;128;164699.0;34649.62;4;68;81;1;28;20;5;433;0
73;67118.0;6048.0;58385.0;106;68.2;48040.82;101;60872.0;48385.03;3;125;67;2;43;4;5;482;4
74;69139.0;17445.0;178005.0;85;40.69;85926.56;76;179184.0;90429.02;3;356;100;4;21;12;2;763;0
75;288715.0;10089.0;113448.0;100;44.44;11545.41;9;113958.0;14881.03;1;183;17;5;10;6;5;887;1
76;102579.0;5325.0;172693.0;73;69.07;91274.52;4;175659.0;94234.11;3;462;2;2;17;5;5;321;2
77;110038.0;17715.0;92946.0;41;32.06;23955.23;5;96553.0;28427.48;5;13;42;3;8;2;3;885;4
78;321531.0;4981.0;18781.0;105;42.42;24363.32;105;21694.0;27774.59;5;98;54;4;41;3;1;284;2
79;89702.0;18282.0;64364.0;6;83.74;32189.5;95;68799.0;35393.94;2;82;23;6;13;20;1;488;4
80;159970.0;1607.0;47285.0;61;39.95;73000.27;14;52191.0;73634.76;2;309;9;7;23;11;1;542;2
81;256244.0;12169.0;158229.0;18;0.81;69097.49;22;163143.0;69942.97;3;170;19;6;6;3;1;92;4
82;251922.0;1870.0;40574.0;75;96.4;69416.62;34;40783.0;74329.22;1;109;2;6;14;7;1;459;2
83;27422.0;19438.0;25484.0;51;36.2;41110.24;5;27333.0;41828.9;5;496;62;7;48;9;1;256;4
84;172120.0;6680.0;15188.0;85;35.1;68286.36;35;19558.0;69068.31;1;239;90;3;15;3;2;626;1
85;62326.0;8169.0;124749.0;52;27.46;55559.37;93;125718.0;58195.32;3;121;8;1;4;13;1;824;2
86;246832.0;2853.0;170697.0;53;3.23;20544.93;6;174775.0;23835.24;3;417;72;9;10;9;3;734;2
87;425845.0;1841.0;11523.0;2;11.39;93072.41;85;12148.0;93822.47;2;339;85;1;27;6;1;445;1
88;215226.0;4103.0;56620.0;15;68.23;37319.87;112;60549.0;38976.15;3;445;89;5;44;13;5;426;4
89;446491.0;4130.0;95596.0;8;11.85;25376.9;113;97526.0;27124.36;4;192;6;3;36;18;1;702;4
90;324775.0;5289.0;131595.0;102;22.64;25398.22;18;133399.0;26751.09;5;464;88;9;44;18;3;147;4
91;405746.0;11446.0;28018.0;76;80.49;75258.12;79;31881.0;79608.5;4;219;77;2;2;9;3;717;0
92;184972.0;19090.0;25331.0;59;90.0;8524.97;124;29027.0;11465.06;3;159;16;3;3;8;5;135;2
93;329905.0;19515.0;38331.0;43;1.67;20700.34;98;41195.0;20797.13;4;297;59;8;16;19;2;107;4
94;186972.0;2811.0;115306.0;95;11.03;29815.24;73;118017.0;33401.47;2;487;6;3;44;8;3;189;0
95;462342.0;3834.0;120399.0;23;46.19;48780.09;27;122867.0;50193.82;4;114;76;8;35;9;1;860;1
96;276623.0;12957.0;182796.0;48;14.96;41154.01;44;185291.0;46091.16;4;79;15;10;1;3;5;849;2
97;233372.0;11542.0;125107.0;114;49.89;81614.31;121;127885.0;81846.93;1;204;36;5;35;19;1;446;2
98;26279.0;3354.0;179127.0;36;85.05;52022.67;22;182803.0;52613.56;4;61;21;9;10;9;1;652;0
99;391221.0;3369.0;82051.0;71;12.6;83370.01;91;83777.0;83735.65;1;192;29;6;30;12;5;702;4
100;292750.0;1114.0;30367.0;76;79.39;93682.12;44;30840.0;96471.21;2;430;82;2;35;7;3;318;2
101;304549.0;764.0;107997.0;16;72.56;32548.6;128;111880.0;35536.38;5;458;42;3;20;20;3;989;1
102;366140.0;14240.0;175366.0;24;42.58;6429.97;2;179223.0;7137.95;2;178;84;4;2;13;5;108;2
103;403596.0;4430.0;49875.0;97;54.42;39302.48;1;54299.0;42885.64;2;23;23;2;13;10;1;114;2
104;254277.0;6216.0;11921.0;46;6.73;61527.61;73;15387.0;63115.3;5;67;8;10;49;2;4;126;2
105;224382.0;11485.0;140351.0;102;44.64;97554.03;48;143919.0;102528.89;1;61;45;5;33;9;1;647;2
106;496212.0;12248.0;61124.0;33;8.42;29148.95;120;61395.0;30230.23;5;451;4;6;17;17;5;124;1
107;318361.0;6632.0;56385.0;85;12.6;4044.73;41;59412.0;7829.09;1;236;83;9;43;3;1;485;0
108;276263.0;9032.0;101679.0;101;23.65;52870.47;114;103191.0;54568.16;5;265;80;10;49;11;1;358;0
109;20926.0;18820.0;153930.0;72;86.92;81455.63;21;155411.0;83565.61;5;75;37;3;41;5;5;903;4
110;182916.0;14333.0;81590.0;29;75.9;17139.95;3;82945.0;22043.68;5;431;12;4;18;13;4;191;0
111;385631.0;15920.0;129051.0;128;26.5;10952.93;41;130503.0;15029.39;2;296;72;2;28;9;2;659;0
112;379214.0;12017.0;38567.0;93;70.49;94623.37;19;38765.0;95870.02;3;197;72;3;18;17;2;38;4
113;355777.0;2767.0;191057.0;5;51.46;53444.62;23;195676.0;58248.63;5;448;17;1;46;3;2;241;1
114;78671.0;18979.0;33670.0;111;62.26;85376.04;101;37557.0;89795.64;1;77;53;3;35;2;3;196;1
115;62799.0;13696.0;195112.0;49;9.33;54331.5;122;197754.0;56227.45;3;141;75;3;50;9;5;639;4
116;456779.0;14573.0;191133.0;64;64.07;76261.64;65;192552.0;76551.71;5;394;86;4;6;13;2;242;2
117;270041.0;3028.0;117166.0;108;69.05;60295.95;62;117505.0;64988.61;4;409;25;6;15;6;4;300;4
118;35908.0;13613.0;8708.0;105;6.01;9211.66;14;12210.0;10783.76;3;55;79;1;1;12;2;170;4
119;332492.0;1094.0;59328.0;56;82.58;76322.91;4;60396.0;79009.43;3;428;53;3;1;4;3;155;2
120;227825.0;18115.0;23779.0;29;55.79;73276.06;107;28358.0;77393.25;5;421;61;7;7;20;1;466;0
121;74270.0;7024.0;195993.0;7;48.59;74615.43;68;198154.0;79083.71;4;8;49;4;34;9;4;998;4
122;227723.0;4078.0;173340.0;108;46.59;66571.8;40;174050.0;71195.72;3;498;9;5;31;1;1;525;2
123;491233.0;14193.0;1220.0;121;78.6;74073.94;111;3040.0;77950.58;3;43;37;9;46;2;1;842;4
124;326375.0;18033.0;144271.0;47;13.95;86218.97;55;149174.0;90185.11;3;25;91;6;36;17;2;4;2
125;390617.0;11383.0;155172.0;27;64.13;64567.74;94;159251.0;65992.77;2;29;56;9;7;7;2;518;2
126;14584.0;10018.0;58798.0;64;38.66;50821.34;56;62314.0;52719.67;1;484;55;1;31;6;1;639;4
127;145174.0;14787.0;12458.0;61;39.46;16554.38;123;17033.0;21103.88;5;144;60;9;41;16;4;333;2
128;283135.0;12837.0;189336.0;107;66.48;97905.77;124;192723.0;99229.07;3;463;72;9;31;17;5;582;2
129;263245.0;6103.0;130203.0;35;53.7;63363.96;121;131820.0;63535.04;2;81;16;5;36;8;2;449;4
130;79684.0;4740.0;56957.0;90;24.45;78572.34;17;59978.0;83001.66;1;267;61;1;30;5;3;456;4
131;451978.0;6853.0;186102.0;29;61.27;93247.85;98;189010.0;98095.15;1;198;79;3;29;11;5;444;2
132;186130.0;6222.0;40432.0;54;2.53;24699.8;114;41360.0;24738.75;1;450;71;4;17;9;1;966;1
133;447666.0;313.0;146337.0;58;57.06;56766.89;120;149050.0;61424.53;3;66;58;7;8;5;4;557;2
134;459019.0;16324.0;123992.0;5;94.75;97120.47;125;127221.0;98540.97;4;326;43;5;41;20;2;891;2
135;111669.0;5546.0;29904.0;42;3.32;27006.2;82;30472.0;31467.71;5;250;3;6;5;2;4;261;1
136;449513.0;6974.0;42330.0;99;34.27;51662.95;124;42476.0;56091.03;3;346;70;4;10;14;1;7;4
137;93424.0;7599.0;190386.0;9;41.6;1479.39;123;193954.0;5970.59;4;492;63;9;5;10;4;801;2
138;296822.0;12737.0;158379.0;2;22.86;14094.14;58;160947.0;16763.3;5;351;49;4;4;13;4;467;0
139;59352.0;13204.0;122961.0;48;12.26;18398.16;41;124072.0;19848.99;4;83;60;9;49;16;4;559;0
140;309239.0;14066.0;105001.0;3;31.78;23147.78;82;107091.0;27205.33;2;300;22;7;46;19;1;286;4
141;177625.0;6545.0;122487.0;63;16.61;89192.22;5;122602.0;89361.72;5;471;96;1;9;2;2;108;1
142;403256.0;9250.0;31059.0;123;83.41;8223.35;90;34392.0;9053.03;2;246;34;7;4;8;5;74;1
143;181702.0;15887.0;187044.0;6;54.1;22936.1;102;189352.0;24008.02;2;143;93;7;2;18;2;330;1
144;436811.0;7539.0;174880.0;8;31.51;76925.68;8;175504.0;80688.58;3;217;7;4;48;8;4;851;1
145;189945.0;19770.0;196295.0;94;68.51;49190.02;56;196514.0;51413.13;2;87;62;3;46;15;1;316;0
146;417719.0;13113.0;66012.0;68;45.69;96609.98;56;66147.0;97654.91;1;96;26;1;10;17;1;525;0
147;263015.0;13626.0;16604.0;37;69.72;71419.78;53;17259.0;75837.04;1;216;6;1;16;16;5;357;0
148;102587.0;11818.0;60041.0;55;19.78;59203.39;78;63608.0;60165.41;3;370;30;4;9;4;5;365;1
149;206491.0;2217.0;185460.0;124;80.71;60594.9;45;189960.0;64332.68;3;445;27;10;24;6;3;496;4
150;485220.0;15863.0;197381.0;103;36.18;61498.12;66;201400.0;61605.45;4;397;81;3;13;17;1;325;4
151;69840.0;1730.0;137900.0;1;34.68;18932.26;30;141143.0;21921.31;1;47;99;4;18;17;2;251;2
152;330142.0;952.0;184270.0;88;26.08;56714.59;80;186564.0;60965.89;4;41;84;9;46;11;3;754;4
153;59402.0;19059.0;169633.0;40;84.2;8068.66;42;174021.0;10517.69;4;228;86;1;26;18;3;214;0
154;468390.0;3427.0;138256.0;77;67.97;60940.87;22;140727.0;61515.32;2;412;32;8;6;1;1;370;1
155;170751.0;7080.0;168986.0;121;21.95;22812.8;110;172529.0;24746.76;1;103;85;4;6;4;2;50;1
156;316188.0;8713.0;142358.0;2;99.63;34205.01;50;145591.0;35721.05;3;60;37;10;14;9;4;135;4
157;433726.0;9987.0;9524.0;117;70.17;89253.44;119;14395.0;94056.71;3;174;43;6;47;4;5;833;4
158;455318.0;7785.0;178664.0;77;43.98;4733.75;124;183517.0;8040.62;4;254;94;7;21;2;5;617;2
159;137818.0;0.0;92624.0;94;35.84;1922.64;21;95339.0;5844.52;1;355;3;10;46;14;2;69;1
160;23878.0;18438.0;112128.0;127;86.4;75605.25;4;116474.0;77265.69;4;352;67;9;4;17;3;969;2
161;377024.0;12749.0;171206.0;94;7.62;98908.78;84;172095.0;99433.82;1;483;29;6;11;10;2;192;0
162;273316.0;5630.0;148701.0;42;39.19;60224.48;65;149932.0;61777.49;3;229;29;2;44;19;5;959;4
163;313667.0;13585.0;61408.0;128;75.45;3164.59;109;64776.0;3500.01;5;124;99;7;43;8;4;59;4
164;351021.0;12790.0;188547.0;25;73.48;44930.96;49;190685.0;46105.48;2;345;3;3;21;19;2;896;2
165;118947.0;17759.0;193854.0;64;60.2;8554.59;109;197222.0;9795.57;4;386;83;6;9;6;2;173;4
166;143540.0;18413.0;152109.0;48;26.43;9691.12;71;155253.0;10609.17;3;288;45;3;9;8;4;150;0
167;284120.0;18760.0;7767.0;50;2.05;97391.78;92;8788.0;101908.31;2;6;57;4;12;15;5;906;2
168;56873.0;4327.0;131432.0;84;99.84;53948.24;4;133031.0;54949.03;4;482;38;8;14;14;3;927;1
169;198028.0;19557.0;138286.0;38;9.61;83902.43;60;138898.0;85197.06;2;161;29;5;31;3;2;549;1
170;98062.0;7546.0;165061.0;121;50.74;92223.29;83;169548.0;92553.14;3;105;95;9;16;16;5;856;4
171;270514.0;11247.0;182049.0;95;76.53;35717.22;71;182720.0;39780.94;1;121;96;2;19;13;1;646;1
172;168708.0;18133.0;105514.0;6;10.81;43893.76;104;107723.0;46878.94;4;131;66;3;28;4;5;337;2
173;49541.0;10265.0;133780.0;112;25.66;39824.31;67;137316.0;40553.81;2;300;69;9;44;1;2;416;1
174;249122.0;6714.0;149769.0;90;26.45;26001.01;41;154547.0;26296.85;3;28;30;6;16;3;5;268;1
175;464942.0;3507.0;171298.0;24;95.29;17027.93;82;172245.0;19151.54;1;141;70;8;17;6;3;260;4
176;199920.0;7267.0;115469.0;40;9.6;67646.5;90;117543.0;68117.96;3;361;47;8;38;4;1;627;1
177;387214.0;1614.0;188416.0;74;49.81;75540.26;17;188528.0;77121.08;4;202;81;3;19;16;4;52;4
178;233905.0;12141.0;157386.0;57;93.02;7972.29;119;160756.0;12269.84;5;241;44;6;10;4;4;937;2
179;203655.0;11046.0;77973.0;21;23.23;38272.61;39;78463.0;40517.91;1;334;49;4;47;2;5;194;4
180;66711.0;19018.0;83206.0;23;74.26;63319.46;95;87800.0;65350.49;4;265;23;9;20;11;4;449;2
181;374736.0;8493.0;142851.0;128;45.02;12720.33;31;147423.0;13981.16;3;451;34;7;42;5;4;589;2
182;347379.0;1395.0;26842.0;19;20.16;38087.98;99;31185.0;42919.61;3;67;39;8;43;17;5;367;1
183;413647.0;15653.0;172789.0;97;56.82;11403.6;39;174531.0;12661.65;2;275;35;3;46;3;2;634;4
184;451852.0;4032.0;172474.0;22;35.19;4292.02;44;172712.0;9185.47;1;432;92;4;12;17;2;74;4
185;370824.0;18248.0;60533.0;61;61.78;7992.15;95;61257.0;10096.78;1;291;97;9;27;18;5;768;4
186;318001.0;9149.0;47965.0;44;79.35;73457.4;40;52550.0;75368.62;3;454;20;7;40;9;2;626;2
187;411105.0;16400.0;156323.0;40;95.04;94675.29;31;159966.0;96283.23;3;138;70;10;28;8;4;824;4
188;354480.0;19738.0;130391.0;60;83.26;4170.51;101;134026.0;6806.92;4;26;4;4;10;19;5;919;0
189;343041.0;3916.0;93083.0;58;54.66;92631.62;63;93803.0;96420.34;3;226;10;6;20;17;2;803;0
190;89759.0;17198.0;186859.0;41;45.44;10719.68;91;187495.0;11001.12;4;356;72;6;7;14;3;724;2
191;332859.0;300.0;84536.0;57;41.51;90266.79;107;87599.0;90403.63;5;472;69;9;43;3;5;33;4
192;416327.0;15495.0;96263.0;85;55.21;39758.84;126;98287.0;42384.69;4;188;37;4;49;16;5;475;0
193;144492.0;18610.0;147260.0;101;25.49;84547.12;31;147294.0;86514.71;2;155;56;4;47;9;3;111;0
194;255634.0;9075.0;19066.0;38;62.74;24958.32;102;23482.0;27173.05;1;98;92;10;46;13;2;816;2
195;257471.0;17495.0;99620.0;93;39.87;24934.89;19;101786.0;26165.38;1;458;35;6;36;5;1;56;2
196;191426.0;1887.0;122556.0;52;37.52;76930.93;54;123427.0;80906.96;4;73;35;2;23;16;3;716;0
197;70435.0;4736.0;182613.0;128;60.56;59494.97;10;183523.0;64320.87;1;152;87;7;15;4;2;555;0
198;393487.0;6503.0;129537.0;3;36.38;52246.15;5;133083.0;56521.21;2;121;40;6;10;11;4;232;0
199;370552.0;4100.0;37524.0;90;57.3;67650.41;85;40884.0;71358.14;4;97;66;8;26;11;3;235;2
200;134548.0;1882.0;38788.0;83;85.07;90096.63;36;43554.0;91377.1;3;137;98;2;12;1;4;26;2
201;373219.0;19034.0;33239.0;5;33.26;66197.71;117;33381.0;66602.65;1;134;13;6;14;13;5;631;2
202;95760.0;17224.0;180233.0;68;97.25;24062.01;40;183598.0;28775.18;5;333;85;6;42;8;4;987;0
203;367230.0;6500.0;140097.0;112;34.81;95147.89;127;142652.0;96453.78;4;107;95;3;43;6;2;630;4
204;258307.0;13388.0;79954.0;76;14.0;56976.54;62;81606.0;57250.92;4;367;18;7;47;12;1;526;0
205;88748.0;13977.0;88718.0;60;64.14;33780.43;1;92423.0;36920.05;3;215;34;9;33;5;2;320;2
206;49347.0;15883.0;174618.0;15;58.57;15229.8;128;179169.0;16184.1;2;56;26;7;28;13;5;956;0
207;227433.0;10634.0;39514.0;117;17.36;22652.64;59;41221.0;25489.34;3;498;31;1;50;15;5;873;4
208;108712.0;10536.0;32264.0;44;84.01;42188.0;44;35629.0;46548.97;1;334;23;2;18;1;4;742;1
209;98886.0;1281.0;102373.0;27;49.49;22304.01;62;106555.0;25192.24;2;197;50;7;27;13;4;667;1
210;443335.0;15613.0;32623.0;77;87.0;78393.01;75;35028.0;82031.09;4;404;86;6;38;17;2;550;2
211;63987.0;3384.0;151376.0;71;17.08;83501.92;65;152966.0;87848.47;1;27;89;9;12;5;1;672;4
212;116088.0;11720.0;64581.0;69;94.39;38727.98;117;64956.0;41144.57;3;284;55;8;32;6;2;630;1
213;454510.0;12224.0;30896.0;19;88.27;44307.55;34;35884.0;45261.75;4;247;29;1;33;13;2;685;0
214;17880.0;13201.0;196144.0;110;39.46;99240.96;69;196925.0;102831.88;1;280;10;3;46;8;4;625;1
215;313455.0;17348.0;149301.0;20;3.74;68186.49;104;154189.0;70660.91;3;279;48;8;18;3;2;135;4
216;291641.0;6511.0;39668.0;8;99.84;27019.62;9;40795.0;31421.04;1;97;80;2;33;4;3;789;0
217;208667.0;9246.0;106241.0;96;53.69;8109.53;122;109472.0;12915.64;4;330;12;4;50;4;2;856;2
218;23379.0;3509.0;182965.0;110;38.48;95692.3;123;186796.0;99002.91;3;128;92;9;15;3;5;656;2
219;419604.0;10586.0;50782.0;37;39.68;29264.17;74;51635.0;33435.99;5;367;3;7;45;20;5;519;4
220;205303.0;19879.0;101213.0;56;44.13;55665.02;91;104878.0;59131.28;5;457;71;8;10;3;3;904;2
221;433457.0;5586.0;53198.0;18;4.58;34062.04;3;55013.0;37410.9;3;448;3;2;36;4;4;496;1
222;88076.0;245.0;76717.0;49;95.44;86050.67;59;77665.0;87374.19;1;95;22;9;46;20;5;392;1
223;490598.0;19097.0;29255.0;56;12.21;96269.49;9;33680.0;97808.08;1;446;63;10;11;16;3;562;4
224;282147.0;6763.0;8575.0;56;45.02;70281.38;15;11074.0;74744.08;4;171;100;4;33;4;1;7;4
225;194046.0;5215.0;65580.0;78;13.8;97685.08;15;70259.0;102045.25;5;304;77;7;48;1;2;401;4
226;111912.0;15453.0;142341.0;48;70.68;31901.85;70;143669.0;33066.44;2;73;46;2;16;14;1;175;1
227;394156.0;18836.0;126296.0;88;75.4;72702.71;61;130263.0;75219.93;5;362;11;7;37;5;1;936;0
228;336381.0;17522.0;28354.0;85;96.35;90211.47;104;30974.0;94784.31;1;87;61;4;10;14;4;990;2
229;77969.0;9129.0;128007.0;56;37.8;42386.49;51;129646.0;45033.22;5;473;12;4;50;1;1;28;1
230;402284.0;12327.0;154876.0;92;73.37;80468.11;100;158078.0;83631.46;3;201;19;3;38;19;2;563;4
231;45960.0;11944.0;101665.0;127;61.31;4423.98;66;105505.0;4998.12;4;275;4;5;49;6;1;643;1
232;495114.0;5549.0;142831.0;125;10.39;12999.06;24;145352.0;16848.55;5;423;97;2;24;1;3;642;2
233;115902.0;3673.0;174940.0;87;13.91;27648.93;92;178985.0;29043.51;5;381;58;5;43;13;5;874;2
234;157064.0;8244.0;51826.0;59;47.55;85563.42;97;56360.0;89566.61;2;165;74;10;40;12;4;822;4
235;43406.0;315.0;87394.0;18;9.28;56512.49;3;87738.0;57738.92;5;48;75;7;1;16;4;26;4
236;414103.0;16769.0;88012.0;11;98.45;81214.16;103;92302.0;82098.79;2;221;49;7;13;2;2;103;4
237;84883.0;11991.0;17721.0;115;3.09;41086.11;71;19180.0;41109.09;2;218;69;6;17;18;5;726;0
238;415659.0;13253.0;36180.0;95;35.73;8017.94;103;36746.0;8068.86;1;246;90;1;12;1;1;249;2
239;400866.0;4654.0;38225.0;118;7.19;17176.29;21;39690.0;22168.07;5;384;67;6;30;7;4;310;2
240;119521.0;10357.0;31446.0;77;30.76;48529.06;60;33968.0;50383.78;4;330;47;10;23;13;4;462;2
241;302834.0;7061.0;30483.0;85;2.7;94035.61;25;34188.0;96148.07;1;211;7;6;16;5;1;313;0
242;44572.0;4262.0;25807.0;27;5.58;19265.46;112;25967.0;24231.34;2;23;89;7;14;20;1;282;0
243;196523.0;7889.0;112321.0;123;17.48;71021.78;106;112876.0;75751.49;1;442;39;10;33;13;4;742;0
244;415077.0;3948.0;35564.0;61;98.03;19394.45;123;35956.0;20258.21;3;309;90;8;13;10;2;718;4
245;44169.0;12083.0;29090.0;120;16.54;35682.79;123;31486.0;40117.16;1;326;66;8;10;19;1;318;1
246;197979.0;6535.0;187034.0;33;78.07;44985.97;29;189670.0;48703.5;5;33;53;9;28;5;4;441;2
247;295167.0;9772.0;55756.0;123;72.2;84692.56;57;60000.0;89422.3;1;469;67;2;43;11;3;903;4
248;162676.0;7036.0;28255.0;92;51.83;56277.36;12;31716.0;61065.37;4;162;73;2;26;3;3;4;2
249;193723.0;8435.0;35662.0;88;73.85;65860.8;58;40439.0;69194.45;4;252;19;3;36;19;1;821;2
250;189350.0;6363.0;84560.0;17;20.94;60552.74;74;88959.0;61321.38;4;179;63;9;25;4;2;826;1
251;212459.0;14463.0;119997.0;66;41.41;54640.7;126;123155.0;56275.12;3;95;94;2;49;7;3;954;4
252;15500.0;13762.0;13030.0;80;91.24;63455.83;1;14558.0;68386.94;3;263;5;6;4;15;5;305;4
253;201461.0;13734.0;53942.0;5;48.24;13944.92;112;57183.0;16141.04;1;135;80;10;38;3;1;102;0
254;489473.0;4538.0;41248.0;50;71.56;97292.24;92;43830.0;99281.58;2;495;5;7;26;18;2;238;4
255;365999.0;4593.0;23192.0;123;44.1;49626.95;49;26198.0;49985.51;1;180;100;2;12;1;5;962;4
256;358439.0;6941.0;178049.0;94;44.03;19214.84;109;182110.0;20312.56;1;241;62;1;8;7;1;537;1
257;451240.0;9860.0;158459.0;111;9.16;89011.53;51;162270.0;90252.64;5;213;37;10;48;6;1;199;1
258;96757.0;6458.0;104901.0;36;53.34;59968.54;43;108949.0;63008.0;3;168;37;4;10;16;2;185;1
259;409641.0;12603.0;58055.0;32;91.98;53170.81;98;59021.0;53881.18;2;68;81;7;20;9;3;334;0
260;346418.0;17536.0;180212.0;120;53.66;9285.06;86;184230.0;10246.5;2;401;86;7;46;6;2;208;1
261;205903.0;4408.0;69594.0;83;21.11;89050.48;44;71957.0;91943.61;4;12;41;7;32;12;3;781;2
262;252188.0;5460.0;161306.0;73;25.99;7080.76;124;161630.0;9872.45;4;34;5;1;2;13;4;991;2
263;372641.0;14476.0;157949.0;7;6.38;49384.14;115;162510.0;52115.41;5;170;62;5;44;16;3;88;2
264;142517.0;7953.0;118054.0;81;72.65;45371.3;46;121666.0;47458.6;5;272;68;5;8;1;3;412;4
265;354737.0;1937.0;94098.0;13;46.34;75561.94;10;95559.0;75795.0;5;303;52;3;10;20;2;565;1
266;317853.0;15564.0;116742.0;101;62.86;65009.63;15;117686.0;66020.99;3;43;97;4;18;2;3;115;2
267;155413.0;13646.0;143851.0;25;51.3;90027.71;6;144682.0;93806.51;3;400;43;10;30;5;4;8;1
268;447774.0;5139.0;174689.0;117;85.88;4404.37;109;175839.0;7198.25;5;338;10;3;29;11;3;47;2
269;307554.0;13880.0;105594.0;44;54.37;99928.54;20;110066.0;104288.51;4;27;33;5;19;11;2;54;4
270;477516.0;6970.0;138387.0;87;20.58;56926.14;123;141288.0;60412.88;2;366;40;4;21;13;1;72;0
271;181693.0;13968.0;12090.0;72;70.76;84926.85;116;15441.0;86394.25;2;17;55;10;37;3;2;991;1
272;72193.0;9506.0;141211.0;47;97.16;70824.0;83;145670.0;74815.98;3;186;54;4;4;2;1;262;1
273;275124.0;4815.0;147493.0;7;65.79;34416.63;95;151003.0;39013.49;3;24;47;6;1;18;3;655;4
274;152096.0;18816.0;138894.0;64;42.39;27837.74;33;140114.0;29361.69;4;383;26;10;12;4;2;649;4
275;343731.0;12007.0;192339.0;22;22.14;43939.06;115;194129.0;46532.55;1;130;40;1;3;6;1;739;2
276;353403.0;14132.0;135433.0;89;46.04;31932.56;94;138577.0;33443.04;1;335;17;10;24;9;5;229;4
277;440206.0;8041.0;144425.0;54;92.28;90277.74;128;144681.0;94956.62;4;448;100;3;45;9;1;927;0
278;288067.0;12107.0;24035.0;121;35.73;84009.44;71;25130.0;88180.84;5;29;9;6;15;6;5;41;2
279;169395.0;13595.0;68040.0;22;44.45;14532.53;75;72677.0;19013.65;4;153;57;9;21;17;5;864;0
280;408704.0;7345.0;55057.0;113;46.33;96961.78;40;58829.0;98224.36;3;384;44;8;18;5;1;121;4
281;438297.0;3962.0;75789.0;45;51.92;9463.18;108;76771.0;10630.51;5;462;29;3;44;19;5;63;4
282;194672.0;16994.0;99891.0;43;94.67;14043.72;124;101132.0;17332.63;4;454;28;10;25;8;5;883;0
283;83626.0;18479.0;82029.0;114;27.17;6835.7;37;86528.0;7014.72;1;471;40;5;38;7;3;625;0
284;186533.0;11619.0;58550.0;24;91.87;93777.32;88;58775.0;94653.16;5;11;83;3;40;15;3;970;2
285;391996.0;3400.0;181597.0;8;6.41;37776.47;94;186403.0;38056.38;2;134;13;7;38;5;3;486;2
286;275894.0;2204.0;21805.0;122;20.74;86066.58;93;24253.0;86461.9;1;80;54;3;29;6;5;245;0
287;330527.0;14109.0;86701.0;19;7.83;57885.75;10;91189.0;60920.14;1;19;14;7;10;12;5;595;2
288;91243.0;11479.0;57836.0;89;43.78;48717.3;118;61524.0;51097.6;2;293;2;2;46;19;2;698;2
289;46439.0;13762.0;32928.0;120;27.76;67974.95;41;33334.0;71504.0;3;482;23;6;31;13;3;994;4
290;365855.0;5379.0;44849.0;8;29.29;34451.1;71;47347.0;37535.67;4;397;70;7;8;17;2;149;0
291;86172.0;6516.0;96558.0;86;11.69;18618.03;35;99726.0;22097.66;2;206;87;4;34;9;3;442;1
292;92651.0;10988.0;103764.0;44;92.78;32108.03;120;107731.0;34070.55;5;292;25;4;2;7;4;973;0
293;132188.0;5511.0;66379.0;8;72.47;33226.74;46;70301.0;37629.23;5;270;21;9;14;8;1;616;1
294;230138.0;6001.0;113916.0;46;43.03;13464.22;67;118754.0;14293.39;1;390;50;3;46;7;3;770;4
295;365098.0;15385.0;155000.0;81;62.45;66719.61;41;157102.0;67334.15;5;116;7;8;13;6;4;181;0
296;174797.0;3994.0;93565.0;81;34.49;51601.2;59;95246.0;55707.8;1;25;97;2;48;7;5;412;4
297;221254.0;7181.0;72237.0;16;98.71;67337.22;108;74859.0;67583.33;2;28;8;3;26;8;4;942;4
298;328745.0;18579.0;96595.0;106;85.26;18050.18;93;99916.0;20976.97;5;194;59;4;12;15;5;62;2
299;177950.0;3992.0;68000.0;110;13.31;41817.7;46;71732.0;46312.36;5;396;59;5;16;12;1;687;4
300;202848.0;9159.0;55215.0;23;66.49;44114.87;14;55307.0;45232.36;4;222;81;4;14;17;5;604;2
301;416040.0;4647.0;70090.0;38;46.56;13220.79;52;70497.0;16150.68;1;124;63;3;12;7;2;423;0
302;413311.0;3295.0;70280.0;53;49.01;95594.65;124;71931.0;96261.16;1;329;52;6;19;2;2;343;0
303;141902.0;9958.0;56542.0;125;84.61;52163.84;15;58036.0;53787.94;1;83;58;1;37;20;3;927;0
304;52550.0;15700.0;1429.0;6;24.21;48089.02;37;2528.0;49306.4;5;390;56;9;39;2;2;992;0
305;390296.0;8470.0;144929.0;115;90.18;79992.29;11;148334.0;83771.36;4;50;97;10;3;6;5;571;2
306;182219.0;15298.0;190418.0;49;47.54;30112.74;37;193261.0;35016.06;4;123;78;8;29;13;2;290;2
307;86401.0;14108.0;73414.0;83;26.87;67471.08;48;77774.0;68376.8;4;133;61;5;7;14;2;830;2
308;288873.0;4991.0;104121.0;25;66.52;55130.03;48;105960.0;59376.94;1;491;86;8;20;12;4;617;4
309;256282.0;19305.0;137107.0;97;14.7;32321.61;9;139885.0;36525.67;5;369;64;6;24;16;4;31;2
310;36681.0;4012.0;179835.0;42;72.0;54881.68;58;184642.0;56919.83;1;20;33;5;36;14;4;926;2
311;110270.0;5095.0;36164.0;74;62.23;91196.81;123;39341.0;92935.72;3;136;64;7;35;9;1;349;0
312;330256.0;5865.0;121799.0;77;45.43;10279.37;83;126131.0;14663.25;3;333;98;4;35;15;3;204;4
313;14874.0;10339.0;98814.0;118;76.02;77556.01;33;103444.0;80110.19;3;206;15;8;13;6;1;230;0
314;231109.0;10522.0;121047.0;43;68.69;25605.91;102;125872.0;25768.21;4;214;31;3;1;1;3;535;2
315;411825.0;6463.0;38773.0;15;87.82;10351.39;58;40076.0;12956.34;4;322;60;8;25;3;4;627;1
316;39989.0;13422.0;32931.0;56;10.37;72727.17;82;34630.0;73032.15;3;86;24;9;3;3;3;458;2
317;66928.0;1074.0;22238.0;113;3.48;90023.32;108;23007.0;93631.58;1;45;19;6;17;8;1;960;0
318;218028.0;11555.0;100515.0;38;43.13;90735.53;93;105057.0;94256.52;5;327;7;6;28;1;5;922;4
319;370382.0;17754.0;129180.0;52;93.12;39384.16;97;130442.0;43826.24;3;6;34;7;6;19;1;91;0
320;286617.0;1648.0;59184.0;126;42.14;9654.3;21;60675.0;13518.01;1;162;70;1;36;13;4;799;4
321;417591.0;17329.0;53459.0;49;81.96;58423.83;18;54090.0;62951.57;1;336;40;4;27;11;1;716;2
322;52370.0;16027.0;88796.0;93;88.8;50417.67;128;92707.0;54531.21;5;310;94;7;18;8;2;53;0
323;256701.0;17575.0;12462.0;108;86.57;31226.68;42;14003.0;33784.27;4;164;71;9;21;1;5;95;2
324;154118.0;9998.0;27158.0;29;45.02;47365.2;3;32149.0;48520.96;4;369;92;2;40;15;5;588;4
325;109430.0;12111.0;54485.0;49;19.8;58620.77;23;54518.0;60291.25;3;364;81;5;15;8;5;997;1
326;422371.0;12583.0;65784.0;83;9.35;1475.83;61;70462.0;4965.02;4;223;19;8;29;7;2;908;2
327;483932.0;4105.0;113064.0;92;26.46;83194.06;42;115254.0;87466.11;2;329;5;8;26;16;2;542;0
328;450065.0;13723.0;33811.0;76;69.65;77871.87;103;38179.0;82614.93;1;288;61;3;31;7;3;754;2
329;12578.0;2221.0;98233.0;111;26.16;59897.65;46;99527.0;62803.59;2;73;6;5;25;18;5;651;1
330;242184.0;16325.0;131012.0;47;71.48;7560.19;119;132592.0;11470.87;1;153;61;10;40;4;2;150;4
331;153420.0;9055.0;139254.0;26;23.5;98241.34;33;143459.0;101561.1;3;343;83;3;48;10;2;492;1
332;22850.0;8342.0;99690.0;120;24.27;77639.98;117;104057.0;80283.69;3;394;10;10;8;17;2;899;4
333;377565.0;611.0;105667.0;61;65.55;19082.66;58;110301.0;20880.16;4;31;53;1;40;20;2;810;0
334;35536.0;16837.0;81753.0;120;66.31;54921.4;86;84188.0;55323.99;4;413;36;6;49;6;1;527;4
335;160449.0;9773.0;141160.0;98;99.48;76836.91;116;146059.0;79655.98;4;77;10;10;18;20;1;553;0
336;496243.0;2637.0;189889.0;112;52.62;32037.97;27;191187.0;32782.42;3;469;98;9;40;4;1;727;2
337;205457.0;16323.0;103230.0;36;30.99;890.46;69;107969.0;2159.37;2;345;69;9;39;12;3;78;0
338;385390.0;11055.0;137020.0;63;48.79;49162.96;26;140660.0;52157.41;1;360;51;9;14;18;1;247;4
339;455516.0;17711.0;157727.0;28;84.39;94465.1;52;160573.0;97190.93;5;370;68;9;8;1;1;82;1
340;72894.0;14101.0;8188.0;30;73.46;3455.1;125;11203.0;4004.28;5;480;79;8;37;16;4;932;2
341;132117.0;6191.0;106176.0;20;45.34;56359.49;58;107217.0;60463.11;5;207;33;6;46;9;4;75;1
342;381188.0;2625.0;3997.0;64;15.51;11792.58;106;6683.0;13373.26;5;356;38;1;40;11;5;521;0
343;149074.0;4410.0;98122.0;114;69.04;80969.73;126;98318.0;82455.98;2;406;2;9;49;19;1;544;4
344;149300.0;3509.0;126316.0;16;87.78;67918.08;121;126384.0;70882.35;4;144;12;8;4;15;4;587;4
345;395517.0;18342.0;119288.0;60;85.15;59569.15;112;122859.0;63260.31;4;213;48;10;42;17;1;710;4
346;236537.0;5390.0;107490.0;6;5.9;62901.51;23;108815.0;64354.25;4;382;63;3;7;11;5;12;4
347;179937.0;3403.0;86599.0;61;2.03;40980.11;48;91366.0;41101.76;2;499;62;5;44;20;1;835;4
348;422961.0;16569.0;61734.0;64;14.65;2180.71;102;64574.0;4580.39;1;80;41;7;26;5;5;88;2
349;80020.0;4895.0;18944.0;13;63.02;1219.08;116;21279.0;4806.09;3;238;99;1;24;15;2;864;1
350;287657.0;7297.0;196408.0;103;70.48;9642.51;60;200360.0;11693.39;5;111;8;8;23;16;4;390;2
351;128060.0;8772.0;78831.0;112;34.22;76011.74;128;81802.0;76383.03;1;425;20;1;39;9;1;950;0
352;140787.0;5973.0;26703.0;82;31.66;32701.35;105;29612.0;34663.91;1;201;57;4;9;10;2;873;1
353;44477.0;16080.0;157279.0;65;85.56;69819.11;90;158646.0;72072.14;3;464;51;6;17;16;5;753;4
354;54023.0;19329.0;171563.0;112;72.21;37959.82;62;174697.0;39195.19;5;232;9;3;16;3;5;146;4
355;45396.0;14301.0;96852.0;22;81.11;32159.16;85;97568.0;34680.43;5;137;14;4;31;1;3;350;1
356;48071.0;18804.0;199493.0;56;70.51;19895.39;98;202397.0;20007.6;5;144;31;4;27;16;5;211;2
357;34624.0;7732.0;107055.0;1;63.44;40214.87;2;107657.0;44903.89;1;149;5;1;39;3;2;969;1
358;262990.0;5563.0;150337.0;63;79.85;43192.48;119;155070.0;46507.29;1;425;18;5;36;8;5;987;4
359;229653.0;16413.0;48440.0;61;77.1;10271.47;70;52914.0;10591.88;5;98;51;3;49;18;4;113;0
360;75875.0;13889.0;74863.0;22;59.28;31989.97;49;78485.0;36960.33;2;337;40;4;49;1;5;249;2
361;26253.0;1071.0;179951.0;79;74.82;67787.51;117;184422.0;69099.67;3;212;83;5;9;18;4;938;0
362;234917.0;11405.0;5522.0;112;56.48;87315.32;48;10456.0;89376.17;2;181;37;10;43;19;4;472;4
363;194761.0;16072.0;192370.0;106;4.93;71618.47;83;193015.0;73892.73;1;430;48;4;23;14;5;401;1
364;75875.0;17079.0;109018.0;25;64.38;25048.23;71;109709.0;27806.02;2;272;26;10;19;2;5;811;4
365;355173.0;3413.0;34732.0;25;1.56;90392.63;35;37007.0;91506.66;5;89;90;6;33;3;2;305;4
366;259188.0;14997.0;149998.0;47;9.41;267.71;50;154593.0;303.31;1;88;14;6;2;10;4;86;1
367;449485.0;4200.0;173501.0;93;22.14;65463.01;70;178010.0;68483.58;2;480;92;8;23;20;4;737;4
368;73887.0;10187.0;135208.0;97;5.17;10383.29;114;135299.0;13648.56;5;370;91;3;39;16;4;976;0
369;140679.0;18486.0;130952.0;107;61.54;31299.42;101;131197.0;36028.35;5;154;28;3;46;16;1;863;2
370;283583.0;19054.0;160871.0;90;41.1;9589.95;113;162875.0;14306.16;4;48;96;2;43;17;5;990;4
371;73621.0;7959.0;47427.0;88;60.34;72932.08;73;47956.0;77612.33;3;66;81;6;40;14;5;885;0
372;163891.0;1862.0;158374.0;42;91.23;68457.05;88;158764.0;72078.22;2;46;63;5;42;5;5;423;1
373;276154.0;1156.0;3785.0;66;65.65;98939.82;48;5950.0;101908.28;5;49;43;5;29;15;3;602;4
374;169828.0;4959.0;123846.0;22;56.85;79337.35;81;125170.0;82804.72;1;291;11;1;1;10;5;805;1
375;25500.0;14335.0;26453.0;111;85.86;61870.22;121;29826.0;64961.54;2;17;71;7;43;8;3;285;0
376;185925.0;670.0;42670.0;125;37.48;35721.84;9;47478.0;36823.82;1;150;1;3;9;2;2;877;1
377;446904.0;19281.0;140718.0;94;29.46;40109.79;68;142653.0;42707.59;5;317;68;5;27;19;4;561;4
378;124174.0;2722.0;67676.0;11;68.27;9473.01;13;71671.0;12370.36;3;238;85;10;39;2;4;652;0
379;180989.0;3137.0;98017.0;51;1.65;28004.07;104;98178.0;29159.51;1;439;36;3;12;14;5;917;4
380;368210.0;13081.0;168316.0;125;40.78;82979.85;95;172535.0;85948.92;1;87;64;6;28;13;1;351;2
381;68596.0;14199.0;7093.0;34;57.41;77397.51;75;10128.0;79755.79;3;384;8;4;41;15;4;933;2
382;307161.0;12562.0;105956.0;34;23.38;41540.53;3;109931.0;45532.1;3;139;89;6;30;16;2;851;2
383;143164.0;15752.0;92785.0;106;78.05;87827.66;3;92914.0;89448.11;2;196;47;5;36;17;2;862;4
384;430917.0;12044.0;147193.0;106;99.97;93779.67;6;147518.0;95783.14;1;265;13;6;22;18;5;40;4
385;126192.0;18940.0;37395.0;72;92.49;60486.02;53;41496.0;63130.9;2;309;25;9;31;10;3;675;4
386;201494.0;12561.0;134854.0;68;9.65;52274.7;125;137553.0;54168.02;1;220;52;6;45;11;1;130;2
387;195635.0;15192.0;115090.0;127;99.92;50204.98;61;115178.0;53431.92;1;299;51;1;37;20;2;598;4
388;310842.0;1101.0;29978.0;50;63.01;83404.67;87;33026.0;84379.42;2;75;71;3;13;9;1;480;4
389;328954.0;1192.0;191127.0;87;82.58;68561.87;128;195544.0;69467.47;1;458;68;8;13;17;5;302;0
390;371055.0;17449.0;163201.0;11;79.79;49326.08;38;163386.0;52099.17;4;288;50;5;22;14;1;966;2
391;239176.0;10113.0;39585.0;8;58.76;91686.35;7;41674.0;95626.96;2;190;7;4;31;16;1;848;0
392;491044.0;15967.0;181422.0;46;88.74;33262.18;38;181645.0;35758.87;2;443;66;8;4;18;1;803;2
393;77508.0;14193.0;70571.0;83;34.73;30750.52;123;72698.0;34466.59;4;455;77;8;28;19;4;85;2
394;373966.0;897.0;167088.0;121;21.75;37820.63;99;170301.0;42397.41;3;390;41;4;40;15;5;877;4
395;329589.0;4054.0;104000.0;48;32.1;36954.53;54;108348.0;40380.99;2;292;50;7;41;15;5;36;4
396;438165.0;5064.0;146290.0;41;55.58;15562.06;107;146492.0;16570.94;3;305;87;6;20;4;5;98;4
397;228516.0;9635.0;100623.0;4;41.84;62445.12;9;102151.0;63519.89;2;116;82;7;30;7;1;122;1
398;248375.0;14919.0;144215.0;6;65.99;909.62;83;145775.0;1143.92;2;409;35;3;49;16;4;187;0
399;45923.0;10042.0;69954.0;74;48.06;30542.16;8;70527.0;35245.89;5;409;22;2;46;5;1;559;0
400;335192.0;3248.0;99580.0;28;2.76;47780.38;28;104290.0;51915.31;1;379;64;4;32;4;3;265;2
401;92363.0;7505.0;134526.0;58;95.36;6857.21;38;139430.0;8483.71;2;72;46;1;33;5;2;742;4
402;357055.0;8023.0;177259.0;57;62.76;44290.63;28;178300.0;47334.61;2;395;95;3;2;13;3;407;4
403;159224.0;1212.0;1909.0;125;50.15;87283.64;60;6160.0;88555.66;3;109;61;7;12;8;5;435;2
404;70277.0;9113.0;140371.0;5;3.91;85228.21;39;143030.0;89705.75;1;497;57;7;35;2;5;343;0
405;116401.0;6164.0;104474.0;73;82.0;42393.35;126;108766.0;43633.34;4;449;48;7;12;20;4;675;2
406;309984.0;7645.0;196818.0;12;29.74;31235.63;79;198246.0;31487.19;1;203;19;5;21;9;3;698;0
407;383458.0;1179.0;68841.0;93;78.94;69382.2;89;73212.0;73791.24;3;484;10;6;40;4;1;445;1
408;251875.0;249.0;137041.0;59;79.83;33876.98;103;141776.0;35077.75;5;286;90;4;5;1;3;758;1
409;231815.0;13824.0;116509.0;22;36.11;94511.23;36;117987.0;96376.51;2;431;87;5;37;7;4;874;0
410;96404.0;8734.0;162522.0;46;87.61;45102.61;123;164418.0;49912.15;2;271;2;7;7;11;3;388;0
411;249863.0;9829.0;38822.0;106;42.93;95298.76;66;42388.0;97589.48;4;269;16;7;39;6;2;404;0
412;473128.0;11682.0;164247.0;17;18.92;59886.99;8;166636.0;64217.71;3;385;62;7;17;17;1;232;2
413;255540.0;3823.0;75425.0;8;41.46;31622.79;58;76573.0;34944.03;1;13;45;9;40;3;5;932;0
414;450648.0;19740.0;115955.0;102;19.81;83070.08;6;117914.0;84903.59;4;435;18;8;2;6;1;19;1
415;58878.0;6217.0;131860.0;124;54.55;46288.3;21;135347.0;46428.02;1;384;18;4;26;19;1;11;4
416;194668.0;1151.0;122352.0;117;11.15;13437.78;49;123043.0;16120.12;5;482;1;7;13;17;4;298;2
417;434360.0;920.0;104740.0;21;25.78;1876.75;78;108670.0;3674.9;4;382;77;3;3;9;1;879;4
418;461857.0;6489.0;161957.0;63;2.67;96308.16;49;165703.0;96947.21;2;256;5;7;6;2;3;20;0
419;69623.0;15549.0;41255.0;77;73.78;81111.03;39;42415.0;82196.28;2;446;92;3;36;3;3;241;4
420;429032.0;3849.0;41060.0;118;3.3;57635.07;20;44290.0;61830.73;5;86;74;5;43;18;5;559;4
421;427259.0;17497.0;45439.0;27;88.73;6471.22;21;47549.0;10881.34;4;383;10;6;6;16;1;415;2
422;128299.0;597.0;92425.0;121;75.08;52579.33;9;93653.0;57560.46;2;465;31;1;9;8;3;339;2
423;191069.0;9010.0;89849.0;67;46.75;63762.6;113;91977.0;67546.9;1;63;61;9;5;9;5;32;4
424;151468.0;17610.0;140703.0;100;11.17;989.25;56;145252.0;4682.81;4;477;73;7;4;1;3;753;4
425;432157.0;10390.0;97143.0;111;64.75;58193.38;4;98941.0;63024.41;3;36;16;1;18;12;5;272;1
426;389981.0;3102.0;5160.0;110;99.44;52413.1;89;9097.0;54241.25;5;142;62;7;43;13;2;486;0
427;13356.0;4311.0;162571.0;41;10.28;2232.97;94;164472.0;3867.26;2;385;70;2;5;11;4;511;2
428;216328.0;14476.0;36956.0;15;16.05;36862.16;81;38531.0;40164.32;5;25;100;8;15;17;2;244;4
429;99933.0;7659.0;29237.0;88;74.62;30284.04;21;31336.0;34354.68;1;77;33;8;18;18;3;578;2
430;252380.0;2455.0;141997.0;20;52.32;38748.44;74;144288.0;42229.65;2;265;2;7;44;15;2;688;4
431;34599.0;13548.0;29369.0;52;22.5;77564.55;102;29942.0;78576.08;1;143;79;9;9;3;5;986;2
432;193712.0;6963.0;151120.0;50;30.38;94559.37;26;151216.0;96630.63;3;134;14;7;39;5;4;700;0
433;469248.0;4342.0;97275.0;52;89.0;32815.78;61;97386.0;36884.34;1;374;76;3;44;11;1;230;1
434;347401.0;5551.0;104584.0;89;71.88;44505.35;18;107199.0;45152.0;4;68;82;7;5;11;2;365;1
435;387076.0;17763.0;168440.0;81;30.07;74371.41;20;172333.0;77573.78;1;123;82;7;1;3;5;110;2
436;76250.0;1815.0;68834.0;43;44.88;42415.94;83;70073.0;46798.5;5;61;35;10;11;2;4;221;4
437;267548.0;16169.0;196568.0;21;83.45;90063.16;50;201289.0;92074.57;2;97;73;3;38;7;2;884;2
438;59430.0;6290.0;176600.0;77;5.52;39705.47;126;177096.0;41758.66;4;326;95;7;1;11;2;40;0
439;67037.0;18767.0;168641.0;61;35.29;13922.94;36;173493.0;16960.62;3;187;29;6;19;13;3;959;1
440;134063.0;19697.0;179699.0;67;85.8;49356.14;70;181529.0;51770.72;2;122;31;6;13;14;2;667;2
441;268062.0;4802.0;105460.0;109;6.6;89540.15;114;109807.0;94521.51;2;159;100;5;16;1;3;824;2
442;245545.0;17186.0;73343.0;121;61.39;21195.56;22;74847.0;24978.69;3;497;97;7;37;16;4;614;1
443;434856.0;6529.0;27951.0;30;5.18;91066.45;128;29090.0;95703.96;5;296;100;7;38;9;2;892;0
444;489994.0;16442.0;69639.0;104;60.97;3810.66;102;72945.0;6492.78;2;278;24;1;49;16;4;394;1
445;413191.0;1971.0;110732.0;93;88.58;24603.98;74;114084.0;29425.74;1;56;27;8;25;11;3;234;0
446;296291.0;10123.0;147093.0;17;45.09;30726.35;57;149600.0;33571.56;4;475;86;8;12;10;4;402;4
447;234977.0;17161.0;61477.0;87;92.34;55971.45;43;64675.0;59697.83;4;124;80;1;36;9;4;218;2
448;10824.0;13643.0;92437.0;100;57.95;11993.89;48;93800.0;14429.73;3;62;84;1;12;9;2;50;2
449;132222.0;8087.0;56333.0;122;81.42;21762.41;111;59348.0;22005.2;1;375;10;5;33;4;4;751;0
450;278994.0;13178.0;65577.0;6;42.11;11320.71;54;68167.0;13311.45;4;436;85;2;1;8;2;479;1
451;424220.0;9261.0;56969.0;111;29.73;55671.73;21;60480.0;55858.81;1;26;83;10;43;7;3;768;1
452;274865.0;7484.0;40473.0;44;70.28;20984.71;127;41216.0;24157.23;1;442;93;8;18;1;3;431;2
453;95725.0;4993.0;145291.0;8;17.06;68040.69;59;148137.0;69493.59;5;492;88;8;49;20;5;455;2
454;358139.0;19349.0;125114.0;105;67.78;32965.71;7;126794.0;37452.42;4;482;68;10;21;13;5;215;1
455;253134.0;5042.0;88265.0;20;43.21;61485.97;9;90058.0;62171.38;2;473;80;1;47;9;5;898;0
456;38651.0;6426.0;7947.0;15;64.49;28398.46;68;11697.0;30973.85;5;390;44;7;5;4;1;824;1
457;402120.0;3327.0;35828.0;21;56.19;31060.18;31;39926.0;31077.89;3;62;66;7;38;6;2;978;0
458;378076.0;18964.0;36910.0;75;5.21;41286.13;38;37289.0;44226.89;2;277;8;2;44;14;2;722;1
459;28127.0;4602.0;27746.0;47;88.3;45416.19;34;32627.0;46971.56;3;411;47;3;10;17;5;648;4
460;168517.0;16073.0;110735.0;41;51.41;95817.92;8;111102.0;98818.65;3;43;43;1;31;3;3;491;4
461;77720.0;7661.0;173357.0;33;19.7;72322.84;54;178018.0;76158.19;5;445;70;10;4;18;2;208;4
462;46508.0;19880.0;4303.0;101;22.66;59431.6;98;8047.0;63213.72;1;324;82;6;15;18;2;219;1
463;478199.0;121.0;39266.0;77;79.25;63337.49;83;40457.0;65863.06;2;115;21;1;10;10;5;151;2
464;348329.0;2470.0;64741.0;23;22.62;4913.92;59;67616.0;5128.41;5;179;61;10;43;5;4;831;4
465;326367.0;17702.0;132706.0;44;22.06;33038.16;51;137429.0;36488.34;3;33;16;2;4;11;1;993;2
466;38291.0;15616.0;79293.0;12;16.96;84365.78;68;82829.0;87988.18;2;175;41;2;4;6;5;325;0
467;402270.0;17499.0;85739.0;52;95.56;12225.88;62;86109.0;16950.14;3;329;89;8;43;13;3;13;0
468;457693.0;15481.0;73134.0;95;52.2;30429.68;70;73822.0;30990.12;4;349;24;2;50;10;5;164;4
469;148161.0;7216.0;120945.0;78;79.72;31089.48;81;124694.0;32986.64;3;495;42;5;4;5;3;153;4
470;358523.0;1818.0;147349.0;78;71.56;31910.99;70;150058.0;33924.62;5;391;60;1;45;4;2;312;0
471;120917.0;4828.0;175834.0;48;73.07;20909.94;104;177644.0;23636.09;4;38;19;4;40;1;5;284;4
472;242730.0;7231.0;67796.0;19;62.13;64741.61;77;72288.0;67080.08;3;226;8;3;17;12;1;597;0
473;419717.0;658.0;42621.0;50;72.12;76613.34;91;45566.0;81546.18;2;373;5;9;5;15;5;66;2
474;106430.0;18836.0;152157.0;104;88.97;72501.29;91;154837.0;74048.58;3;132;7;9;35;10;1;194;0
475;456697.0;17461.0;139833.0;37;22.06;1942.5;59;144185.0;5826.07;1;482;35;8;27;6;4;763;1
476;124163.0;12138.0;66031.0;61;9.75;92999.9;103;67235.0;93595.68;1;425;80;9;14;14;2;538;1
477;464860.0;5284.0;132111.0;80;90.68;12497.86;125;135163.0;17090.69;2;315;19;5;42;15;3;753;1
478;481126.0;7020.0;55556.0;76;0.82;81376.47;65;58682.0;81906.01;2;368;30;7;28;13;1;158;1
479;206094.0;1451.0;19609.0;57;14.47;41603.57;103;23771.0;41835.87;2;402;91;8;34;8;2;483;2
480;34120.0;18960.0;93349.0;38;37.37;66119.71;49;94082.0;68228.46;4;416;2;2;17;8;2;401;2
481;284644.0;3606.0;198429.0;98;32.92;74015.79;36;200210.0;78260.62;3;27;6;2;37;18;2;661;2
482;270525.0;17946.0;64611.0;115;10.57;82918.21;92;69602.0;87745.63;4;71;47;3;43;4;4;841;0
483;262239.0;2926.0;30854.0;55;67.31;9093.1;97;31511.0;11607.48;5;217;55;2;16;12;2;978;1
484;435844.0;14092.0;79893.0;40;37.38;96866.25;97;81772.0;98364.69;4;101;62;7;37;5;5;434;1
485;395391.0;1369.0;92978.0;26;11.65;75259.19;36;97328.0;78894.78;1;182;64;3;9;18;2;62;4
486;70275.0;13702.0;113491.0;41;7.41;13865.84;118;115197.0;16868.28;3;83;39;10;8;7;4;571;4
487;172566.0;8219.0;116380.0;25;55.29;34338.57;75;117494.0;35608.49;1;202;49;8;9;19;4;851;1
488;304817.0;9017.0;79511.0;70;84.08;35754.16;28;80662.0;37450.63;1;18;58;6;15;13;4;903;4
489;165307.0;15181.0;27454.0;53;51.99;47525.61;10;28250.0;50404.44;1;394;6;10;42;6;3;104;4
490;326232.0;15155.0;147414.0;41;27.68;83231.09;119;148260.0;85492.12;4;465;42;8;36;15;3;802;4
491;98838.0;5286.0;25349.0;62;31.85;96828.09;72;27641.0;101187.59;3;233;71;2;32;12;2;891;4
492;354567.0;14055.0;151954.0;76;55.57;30399.79;121;156370.0;33627.75;4;275;98;10;46;8;1;509;4
493;201267.0;4095.0;120594.0;89;43.09;89782.1;6;125128.0;93052.78;2;187;59;7;5;7;3;818;2
494;371925.0;3555.0;156680.0;12;29.28;7572.04;89;158040.0;8347.32;2;259;65;1;30;1;3;327;4
495;95641.0;4171.0;191676.0;28;41.3;65537.54;45;192141.0;66461.71;1;37;92;8;29;4;4;932;4
496;172246.0;7165.0;184615.0;90;69.16;3786.61;62;186351.0;4384.73;4;414;70;10;34;3;5;865;1
497;417570.0;13033.0;28178.0;9;50.97;91980.63;102;33054.0;93719.62;3;14;91;8;2;10;5;897;2
498;388425.0;2752.0;176246.0;31;44.72;15006.49;41;179189.0;17394.67;5;41;50;4;14;5;4;251;0
499;390694.0;15654.0;1714.0;65;17.32;57209.27;14;5376.0;58018.66;3;411;73;7;45;7;5;759;2
500;148791.0;6995.0;115461.0;90;97.33;4509.4;105;116091.0;4910.15;5;33;97;3;44;8;1;993;1
501;480971.0;5835.0;52260.0;121;61.38;79005.41;49;54876.0;80869.52;5;461;38;9;15;2;4;456;0
502;461135.0;13900.0;197279.0;87;71.53;56920.46;106;201923.0;61280.32;3;142;38;10;45;3;4;233;2
503;118753.0;19948.0;4145.0;45;13.97;20922.87;59;4482.0;21273.78;4;314;3;7;40;5;4;808;4
504;24881.0;6675.0;125208.0;35;3.21;4482.36;71;125662.0;6034.97;3;407;38;10;18;1;5;990;4
505;243390.0;9224.0;64236.0;11;19.13;2239.81;88;67760.0;2459.11;5;234;71;9;27;4;2;169;2
506;242319.0;4459.0;28471.0;38;44.1;96085.29;100;28972.0;99885.97;3;363;63;6;24;10;2;674;0
507;240552.0;11229.0;15258.0;31;59.47;48667.95;127;17418.0;48883.05;1;321;73;3;7;1;3;129;4
508;279038.0;11384.0;150009.0;6;7.35;98160.05;78;150086.0;102821.91;3;322;16;5;27;6;5;789;0
509;215025.0;14384.0;54828.0;109;51.7;71127.77;106;54897.0;74619.24;5;239;18;7;36;16;1;37;2
510;245755.0;18582.0;10148.0;123;95.9;78105.48;43;12459.0;82821.42;4;211;60;7;12;15;4;246;4
511;345796.0;4033.0;27451.0;40;8.93;40268.05;40;28291.0;44913.01;4;487;14;1;17;3;4;775;0
512;472511.0;18530.0;144752.0;48;18.99;53448.37;33;145267.0;58294.98;3;10;18;10;33;13;5;42;2
513;326782.0;5932.0;124032.0;115;14.38;38333.97;54;125362.0;39156.18;2;134;18;1;16;13;1;896;4
514;275912.0;9981.0;110300.0;70;21.08;89863.71;22;114858.0;92528.19;1;307;85;3;19;20;2;16;2
515;78199.0;27.0;115399.0;114;94.79;61905.52;79;116571.0;64097.15;1;463;25;6;4;4;3;677;0
516;300237.0;1301.0;9113.0;65;27.12;34161.63;95;9356.0;37887.62;3;430;52;3;9;10;3;848;0
517;307710.0;2604.0;182474.0;54;57.06;58714.86;86;182544.0;62357.18;2;22;89;6;33;17;4;985;0
518;104785.0;16569.0;66988.0;118;57.14;24493.41;44;67740.0;25560.91;3;199;32;9;10;10;1;623;0
519;374605.0;10690.0;135452.0;96;78.66;51176.06;63;137961.0;53247.52;5;440;65;7;45;9;4;798;0
520;418959.0;19100.0;180042.0;22;89.02;80113.62;125;184914.0;82562.61;2;233;84;10;21;2;5;837;1
521;405045.0;5892.0;180552.0;100;75.47;56540.82;60;182609.0;61279.67;2;198;27;7;32;1;1;798;4
522;422752.0;14995.0;115401.0;89;16.08;62501.33;116;115947.0;62611.6;4;192;28;8;9;4;5;972;1
523;395220.0;15101.0;172751.0;48;67.84;59140.26;91;177222.0;63655.47;1;457;45;8;39;6;2;474;2
524;296174.0;4479.0;47130.0;113;28.07;65834.98;106;49756.0;69533.87;4;49;82;4;10;2;5;177;1
525;394777.0;7025.0;114255.0;123;0.75;46818.43;125;117017.0;48157.29;3;311;31;1;36;16;3;908;2
526;33036.0;16055.0;98455.0;23;95.86;69708.37;19;102748.0;71883.57;1;119;14;1;3;11;4;75;2
527;119335.0;19324.0;136718.0;16;71.56;7261.43;50;137094.0;10726.33;1;362;43;3;5;13;1;272;0
528;101034.0;18219.0;193077.0;16;24.96;98868.21;111;197440.0;102357.92;1;115;98;1;20;11;5;574;1
529;217990.0;15408.0;161230.0;101;16.09;84521.06;27;161424.0;87756.99;4;168;85;9;7;12;1;782;4
530;411429.0;6789.0;182219.0;116;89.2;55098.7;84;182641.0;59283.08;1;424;13;9;29;7;5;767;0
531;203545.0;15499.0;100825.0;104;79.44;89420.16;82;101735.0;91435.06;3;489;50;4;11;10;5;247;0
532;455491.0;13956.0;82838.0;115;97.03;85997.91;126;86899.0;86210.39;1;497;41;5;42;11;1;353;0
533;82650.0;16771.0;80655.0;85;50.82;88183.76;68;82560.0;88471.6;2;481;59;3;38;6;1;443;1
534;498573.0;3617.0;99358.0;54;45.8;75935.36;97;103742.0;77263.73;5;452;48;2;18;8;3;923;4
535;321328.0;10072.0;46761.0;112;92.88;57977.2;33;49504.0;62432.46;2;280;38;7;50;10;5;508;1
536;456625.0;9450.0;76832.0;12;85.26;39152.26;75;79239.0;39341.46;2;488;11;9;9;4;2;344;4
537;87891.0;12100.0;125503.0;110;83.08;64374.89;107;126939.0;67163.14;1;80;25;10;39;10;2;301;0
538;15501.0;12853.0;113301.0;47;41.12;86181.13;21;114379.0;86699.01;3;307;61;5;47;15;2;226;4
539;425647.0;5091.0;129998.0;49;64.75;14515.76;35;131906.0;16364.56;2;396;3;7;9;9;3;852;0
540;44912.0;6516.0;69488.0;65;31.76;21776.72;45;74205.0;22969.06;1;69;85;6;10;19;4;981;1
541;166248.0;11412.0;69763.0;67;58.86;69994.68;48;73926.0;70114.03;3;405;56;3;46;7;1;754;0
542;432922.0;1462.0;192167.0;49;86.6;21452.65;119;195072.0;24665.94;4;133;70;2;3;4;4;411;1
543;477238.0;4792.0;32997.0;97;16.72;57183.12;58;35879.0;60368.45;1;96;72;2;28;2;4;626;1
544;323773.0;50.0;193240.0;109;53.01;47619.0;10;194130.0;50505.62;2;404;96;8;46;15;3;428;2
545;378655.0;2135.0;193311.0;30;11.28;10697.83;37;194635.0;12466.1;2;176;73;1;27;19;1;334;0
546;302035.0;17649.0;147042.0;55;76.53;22857.89;94;147081.0;22871.29;5;111;71;7;39;13;2;718;4
547;142742.0;8561.0;52819.0;74;40.0;23891.19;88;57079.0;26500.95;4;183;62;3;9;11;3;970;1
548;344808.0;16882.0;75991.0;59;13.69;40304.28;105;79342.0;44230.48;3;335;95;2;2;18;5;407;4
549;311418.0;18378.0;190095.0;78;2.98;37491.21;105;193981.0;42194.02;4;127;31;6;49;6;4;976;2
550;452429.0;7507.0;120078.0;58;50.08;89445.09;87;122622.0;91470.31;3;258;45;8;26;1;5;171;1
551;279545.0;11363.0;135102.0;72;85.37;11518.12;122;137164.0;13164.4;1;302;32;10;14;6;2;26;1
552;320534.0;5968.0;70276.0;118;53.51;8388.16;39;74944.0;8855.47;4;57;79;7;23;16;3;185;1
553;14843.0;6139.0;116496.0;81;65.28;46608.68;53;120058.0;49022.9;1;160;51;9;50;11;4;575;4
554;448904.0;1699.0;27524.0;23;31.84;30070.34;56;32090.0;32543.77;2;462;76;3;47;13;2;301;0
555;203433.0;3734.0;64911.0;9;96.49;33391.62;89;69073.0;36091.05;1;329;40;2;10;14;2;811;1
556;225480.0;9622.0;161394.0;22;70.69;93370.95;95;164845.0;94376.01;5;230;67;9;41;16;4;163;1
557;162326.0;11525.0;177715.0;101;47.87;15683.46;14;179351.0;17838.57;4;369;86;8;30;8;3;195;0
558;47165.0;4031.0;99604.0;80;74.36;70202.28;113;103050.0;70665.25;1;46;30;4;13;18;4;998;1
559;435403.0;13039.0;112219.0;66;50.95;20525.9;104;112576.0;22194.87;3;71;43;8;20;5;2;733;1
560;404766.0;8197.0;109558.0;47;14.21;44305.58;125;109938.0;45638.43;2;444;20;5;46;3;1;347;0
561;468378.0;13296.0;167379.0;46;71.39;53724.15;111;168373.0;54282.2;4;143;63;1;11;12;5;610;0
562;475532.0;14744.0;133298.0;59;72.32;1652.38;11;136514.0;1659.59;2;407;63;6;15;2;2;338;1
563;385521.0;17189.0;14616.0;70;11.67;35615.54;110;16697.0;37230.93;2;429;45;8;16;14;1;528;0
564;61164.0;12365.0;105816.0;30;77.13;99542.65;84;109715.0;100785.74;1;474;55;4;34;5;2;396;2
565;306191.0;8885.0;114617.0;40;79.98;78521.1;30;118521.0;82687.96;4;334;64;3;15;6;4;848;2
566;210663.0;15045.0;83654.0;62;87.56;51548.93;93;87409.0;54206.58;4;292;63;5;18;2;2;932;0
567;401522.0;10936.0;72008.0;51;33.58;50998.79;40;74198.0;52752.92;3;128;50;7;15;2;4;446;2
568;194615.0;17872.0;190651.0;113;83.94;27859.35;67;192867.0;32697.27;5;88;100;5;36;7;2;796;0
569;292194.0;14889.0;139434.0;89;23.72;28460.9;16;144091.0;29493.46;5;327;1;6;18;6;1;769;2
570;41387.0;3064.0;70124.0;120;35.97;45557.2;25;70196.0;46944.17;4;102;55;1;35;18;3;273;1
571;183860.0;12619.0;135804.0;25;77.14;11935.8;91;139936.0;15920.49;3;147;81;4;34;12;3;935;0
572;267525.0;30.0;36916.0;96;67.26;64695.84;86;41219.0;69339.6;1;482;67;6;33;11;2;251;2
573;24983.0;19198.0;91382.0;104;55.15;31592.71;113;92709.0;33711.43;2;287;14;9;21;5;5;686;1
574;380429.0;15292.0;94215.0;113;8.66;95827.41;89;98874.0;96255.37;3;172;28;7;37;5;3;754;2
575;305692.0;15626.0;35857.0;56;78.55;42352.23;94;39231.0;46685.82;5;438;7;8;16;3;4;122;4
576;95903.0;15083.0;113867.0;114;9.77;29718.31;120;114410.0;33632.43;3;111;22;10;45;17;5;951;0
577;425322.0;17406.0;61402.0;94;47.22;17895.67;19;63568.0;17930.57;4;160;87;1;26;9;1;53;1
578;264934.0;15383.0;120363.0;95;42.09;56635.37;93;124629.0;60024.43;4;429;63;8;23;17;4;611;1
579;345370.0;18216.0;141381.0;118;89.98;32191.35;96;141599.0;35032.26;3;409;1;6;44;13;5;534;1
580;237631.0;16700.0;146878.0;88;86.51;3431.56;26;150682.0;5373.8;1;443;32;5;19;18;5;953;2
581;227496.0;12424.0;53240.0;34;11.46;71247.51;6;57568.0;75752.66;5;237;39;5;26;19;2;508;2
582;27550.0;5161.0;164678.0;96;4.89;90964.5;87;167348.0;94155.94;2;452;77;7;6;2;3;185;4
583;344640.0;11131.0;7501.0;7;70.43;54332.86;49;11589.0;54360.02;3;252;96;6;37;9;5;321;0
584;308147.0;5302.0;6672.0;119;20.24;77887.15;90;7141.0;79235.56;1;269;1;3;19;3;2;528;4
585;21140.0;5358.0;146575.0;90;78.8;85659.59;14;147941.0;89214.69;1;256;22;5;30;4;2;210;1
586;495512.0;7091.0;62567.0;26;6.39;85759.6;104;66707.0;86867.1;1;367;89;6;32;13;2;783;4
587;458171.0;6189.0;63690.0;66;38.24;4186.6;41;66881.0;8568.84;2;416;50;8;6;6;2;55;4
588;38184.0;7178.0;44184.0;59;93.48;1002.45;22;44921.0;4258.24;3;338;79;7;40;2;2;232;2
589;83059.0;15713.0;179790.0;6;90.42;11699.66;59;184177.0;13635.84;2;244;75;4;49;10;5;268;4
590;17729.0;1008.0;21361.0;54;61.79;63791.37;71;24001.0;67001.18;1;421;99;10;49;4;3;912;4
591;358730.0;4470.0;90291.0;119;64.17;99742.12;91;91073.0;102954.27;1;191;67;3;12;13;3;882;2
592;336576.0;6664.0;160386.0;76;39.37;89987.58;114;161365.0;93769.17;1;54;19;2;31;12;2;128;1
593;175260.0;18680.0;84679.0;21;62.44;26115.4;78;87958.0;28809.07;2;6;55;5;26;5;4;512;2
594;235915.0;9242.0;61051.0;68;56.0;28802.73;57;65007.0;31215.47;3;274;32;7;10;8;5;809;2
595;278225.0;7802.0;36979.0;21;54.94;75857.6;122;38865.0;79651.68;4;40;9;10;36;3;1;845;0
596;470090.0;8967.0;79188.0;96;86.63;3771.46;87;79941.0;5298.03;5;360;36;6;49;14;2;915;4
597;430450.0;5603.0;82094.0;34;89.6;19253.16;32;85060.0;19762.23;3;87;92;7;4;15;3;533;4
598;413627.0;2042.0;163379.0;50;73.26;67045.28;53;164866.0;67803.7;3;21;92;9;14;2;3;738;2
599;456024.0;11378.0;87349.0;102;18.65;18106.29;121;87763.0;21594.87;5;468;63;10;3;15;1;259;2
600;208809.0;8617.0;175135.0;38;44.7;22575.8;52;179423.0;27146.71;1;431;76;5;7;11;4;143;2
601;423519.0;243.0;191356.0;85;24.89;28055.92;114;191971.0;28367.2;5;295;96;4;50;1;3;164;1
602;414725.0;7419.0;66032.0;107;68.71;52902.38;116;69390.0;55382.36;4;78;19;7;48;6;1;947;1
603;468550.0;1129.0;184305.0;14;27.27;61840.61;113;188051.0;62574.41;4;241;66;10;3;1;1;363;1
604;493809.0;1455.0;46573.0;23;16.98;490.15;123;51457.0;4730.21;3;31;77;3;19;3;3;680;4
605;466558.0;5230.0;46896.0;126;29.68;89093.35;117;51084.0;89959.14;5;244;78;9;1;16;1;156;0
606;87624.0;6604.0;13321.0;87;82.83;96373.1;73;17662.0;96881.62;3;105;68;3;26;8;4;992;0
607;293137.0;7599.0;15848.0;3;74.54;97162.66;2;19393.0;97787.09;4;420;22;1;48;5;1;439;4
608;19691.0;8309.0;33359.0;92;44.39;40941.62;47;33386.0;42220.05;1;495;42;4;36;9;2;376;1
609;391003.0;14828.0;43949.0;127;2.52;33108.78;102;46939.0;35588.68;5;18;76;8;6;13;4;285;1
610;335168.0;19742.0;53664.0;67;87.31;34120.19;96;57180.0;34607.46;5;392;79;10;44;11;5;19;1
611;415907.0;1313.0;163115.0;121;98.17;58698.52;81;167319.0;59127.16;2;401;16;7;43;1;4;690;0
612;16904.0;5943.0;60396.0;122;4.2;44233.06;50;62944.0;47430.0;1;379;23;3;15;15;3;805;1
613;183293.0;17667.0;29630.0;52;67.12;25638.03;115;31146.0;29288.22;5;239;25;3;43;12;3;917;2
614;367354.0;6077.0;77852.0;103;81.04;35381.68;40;81188.0;38834.44;4;258;26;6;4;18;2;565;1
615;115255.0;650.0;127518.0;67;2.79;40377.31;53;128973.0;45236.56;3;50;3;5;31;16;3;145;1
616;204033.0;4761.0;64395.0;10;91.16;11168.24;58;66507.0;12349.51;4;11;53;3;20;10;3;809;1
617;426931.0;17801.0;165019.0;98;97.26;47828.87;56;167334.0;47849.34;4;123;30;10;27;9;3;889;0
618;411494.0;8780.0;156603.0;93;93.16;93516.68;97;158905.0;96128.84;2;461;30;4;50;13;3;506;4
619;119779.0;3972.0;108193.0;29;32.56;50835.03;17;111742.0;55261.61;4;293;35;9;2;10;5;560;2
620;164582.0;2159.0;39284.0;127;90.04;93349.59;56;44034.0;93900.22;2;186;76;4;49;12;4;424;4
621;72176.0;15030.0;20072.0;51;39.03;54881.23;104;20085.0;55251.08;1;289;70;4;19;18;3;770;4
622;336709.0;385.0;7729.0;113;68.62;30501.75;108;11609.0;33562.21;5;289;62;6;31;1;4;202;2
623;267521.0;6334.0;139140.0;76;9.45;16049.4;45;142956.0;17128.54;1;277;18;4;12;19;4;329;2
624;407260.0;4552.0;128906.0;80;99.12;47455.66;117;130555.0;48490.75;5;271;99;6;47;20;4;884;1
625;215118.0;17617.0;140899.0;111;44.85;38944.24;17;144845.0;42047.47;3;390;92;1;1;3;1;324;1
626;407866.0;6494.0;147751.0;8;23.06;57489.0;21;149102.0;59319.53;1;328;85;7;28;15;4;833;4
627;221140.0;16479.0;59917.0;39;41.38;1178.73;26;62201.0;3383.41;3;275;51;9;32;8;1;670;1
628;120039.0;14146.0;92530.0;119;46.42;17625.46;70;93922.0;21141.02;1;397;86;9;9;1;1;520;0
629;302697.0;7946.0;96447.0;14;83.33;26256.21;67;98122.0;28554.69;2;201;85;3;36;4;3;465;2
630;126961.0;18425.0;92358.0;95;32.12;18913.8;74;93300.0;20128.14;3;91;93;3;8;4;5;64;0
631;25900.0;2697.0;199639.0;92;26.1;30293.28;53;203312.0;34446.37;3;425;47;6;6;6;4;596;4
632;258797.0;1720.0;60840.0;113;0.32;16766.78;124;65581.0;17459.05;1;372;82;6;13;20;1;514;4
633;327823.0;8495.0;137662.0;108;85.37;73509.55;125;142241.0;77161.63;5;114;78;2;9;6;3;151;1
634;472207.0;16716.0;183069.0;4;83.37;45644.34;5;185783.0;48925.53;1;464;48;9;14;16;1;199;4
635;354660.0;19721.0;78989.0;19;19.27;99824.03;77;79505.0;101097.82;3;21;86;7;47;18;1;70;4
636;486312.0;19983.0;197356.0;26;37.81;62756.31;40;198253.0;66038.7;2;42;99;2;18;18;1;324;2
637;342778.0;10180.0;146409.0;113;10.26;75041.72;21;148384.0;78826.03;5;99;78;2;26;12;4;171;0
638;467056.0;14922.0;17026.0;79;82.48;16246.72;75;17837.0;17398.68;4;334;78;6;21;10;2;34;0
639;40486.0;7672.0;58461.0;37;28.63;17752.24;19;63257.0;17761.49;4;268;25;3;50;2;3;509;2
640;270831.0;19229.0;189271.0;59;81.7;22606.9;29;189877.0;26651.72;3;409;86;7;24;15;2;854;1
641;165733.0;17210.0;114198.0;127;14.22;33412.75;74;118619.0;38329.46;3;118;100;8;1;15;2;154;4
642;491285.0;8349.0;90463.0;112;75.7;27576.06;114;94961.0;31804.95;3;362;14;3;22;9;3;24;1
643;69082.0;17596.0;22232.0;9;78.27;17354.83;44;25958.0;18206.18;2;118;46;6;9;12;5;830;0
644;129116.0;106.0;54863.0;71;31.28;90624.57;89;57113.0;95096.68;5;388;71;7;47;16;1;468;2
645;81588.0;16781.0;16590.0;105;79.28;4774.72;72;17563.0;5165.31;1;49;18;3;40;20;4;150;1
646;14295.0;19532.0;1204.0;45;35.87;32850.56;44;3560.0;35532.14;5;286;5;6;6;17;4;283;1
647;99454.0;8779.0;19638.0;75;33.18;14045.52;100;20267.0;18299.1;5;253;38;7;7;17;2;88;4
648;366662.0;10021.0;107405.0;79;10.38;12410.41;80;110368.0;14916.57;2;363;69;1;41;8;4;747;1
649;349915.0;962.0;146313.0;105;62.67;76674.22;76;146962.0;79961.31;3;17;100;5;35;12;5;982;4
650;183243.0;19715.0;36351.0;46;34.31;82592.94;46;38386.0;85294.88;1;342;32;1;8;4;1;7;4
651;54503.0;15526.0;98580.0;11;29.45;60115.86;101;101440.0;62439.54;5;158;92;5;19;14;3;465;1
652;171114.0;4685.0;98375.0;105;32.51;49458.16;114;101498.0;52145.8;3;294;24;2;33;4;3;149;1
653;99032.0;12523.0;78757.0;110;9.93;17857.29;82;79147.0;20887.63;1;393;17;5;26;15;4;428;0
654;80803.0;14958.0;95654.0;29;44.12;76643.7;29;98432.0;81111.44;5;470;68;1;43;8;5;641;1
655;342833.0;3513.0;157153.0;87;15.08;42728.71;57;161873.0;43822.4;1;24;5;5;27;2;1;147;4
656;321957.0;10123.0;172047.0;22;95.22;13202.72;121;176394.0;14796.37;2;500;50;9;49;14;1;964;0
657;361154.0;14582.0;108804.0;17;13.57;77907.6;40;109499.0;82669.27;4;154;66;10;50;2;5;835;2
658;221250.0;1368.0;158859.0;91;96.27;34289.91;108;163483.0;37437.39;1;35;36;3;38;3;4;502;1
659;354403.0;15873.0;47801.0;62;87.79;15054.86;41;50167.0;18861.85;2;397;77;5;42;17;2;927;4
660;372952.0;17384.0;144922.0;64;87.22;76882.96;16;149683.0;78715.96;4;480;14;9;10;11;1;553;4
661;322476.0;925.0;139256.0;112;28.76;60662.54;27;140299.0;64549.68;1;308;6;9;11;1;2;497;1
662;178401.0;10679.0;134904.0;1;48.8;26420.58;33;139463.0;30324.45;4;342;33;5;21;3;3;874;4
663;386037.0;16246.0;93316.0;2;34.24;54151.24;125;94545.0;57328.05;1;412;26;3;45;4;3;210;4
664;377427.0;1202.0;60643.0;71;92.55;22137.98;86;61821.0;26272.76;5;108;10;9;33;10;3;684;0
665;110744.0;13342.0;156823.0;75;21.47;74307.84;95;158193.0;78577.29;4;453;35;10;38;15;1;92;2
666;308641.0;10109.0;187926.0;113;91.83;16698.95;124;189900.0;16760.31;4;423;5;4;24;4;3;319;2
667;108795.0;11203.0;15396.0;75;73.09;17808.87;89;15400.0;20103.0;5;311;12;10;23;6;1;595;4
668;177035.0;17706.0;81326.0;65;76.34;76033.26;16;81442.0;76531.83;2;99;18;6;36;7;2;68;4
669;62105.0;11220.0;146327.0;96;19.53;92850.6;24;149141.0;93740.74;3;485;26;2;20;12;4;972;4
670;25908.0;18362.0;81681.0;122;88.11;85334.81;16;86276.0;87205.8;5;154;13;6;44;14;5;193;0
671;302932.0;648.0;158589.0;127;85.84;71445.28;63;162858.0;75842.41;5;411;88;10;28;2;1;365;4
672;236304.0;1002.0;3354.0;22;57.5;44837.52;50;6276.0;45554.71;3;486;21;5;2;12;2;514;1
673;464221.0;9204.0;195337.0;42;5.24;50725.0;61;195941.0;54445.42;4;144;20;3;14;6;1;477;4
674;81560.0;6657.0;106093.0;98;5.09;45108.18;97;107120.0;47232.12;1;416;37;7;27;8;1;395;4
675;342115.0;8805.0;46638.0;97;66.39;72370.44;98;50757.0;77358.75;5;481;22;10;33;8;4;155;4
676;304360.0;4426.0;71425.0;54;69.43;9276.03;20;72337.0;12825.25;3;350;84;2;38;11;4;11;2
677;12062.0;2662.0;186599.0;9;24.45;94772.24;74;188056.0;95594.39;5;462;34;7;37;7;3;529;0
678;165403.0;16563.0;179315.0;75;38.2;28819.52;45;179412.0;32062.21;3;12;18;7;40;14;5;98;0
679;428512.0;15869.0;113147.0;8;82.76;37681.71;94;116751.0;41971.82;5;452;6;10;45;5;3;567;2
680;47851.0;19508.0;83762.0;66;54.68;34498.18;67;85453.0;38410.49;1;111;6;2;10;8;5;975;2
681;20002.0;10917.0;42491.0;86;44.9;36522.56;89;46439.0;37579.4;5;411;60;3;2;6;1;337;0
682;206376.0;7230.0;3132.0;80;67.14;46336.24;34;3398.0;46395.48;2;43;34;10;19;5;3;59;1
683;262462.0;1500.0;90307.0;62;20.22;47339.84;9;93710.0;50815.57;1;275;33;6;42;1;4;249;0
684;79221.0;17362.0;118096.0;32;23.96;39848.06;56;121238.0;41858.89;5;326;77;2;5;17;3;623;2
685;17669.0;9916.0;26765.0;81;54.79;62714.87;5;28358.0;65971.46;3;217;36;2;24;7;2;583;1
686;65196.0;4735.0;85754.0;19;17.74;50233.15;19;87091.0;53318.96;5;167;48;4;36;6;4;170;1
687;106048.0;17705.0;75820.0;49;20.73;59550.83;97;78297.0;61941.73;5;236;95;10;38;15;1;952;4
688;481522.0;7787.0;194608.0;106;0.93;72827.37;43;195514.0;73494.54;3;166;81;6;44;14;4;206;0
689;167945.0;2037.0;157689.0;78;40.1;10140.84;3;162661.0;10921.85;4;465;72;10;7;13;2;5;2
690;305611.0;19164.0;171694.0;47;39.64;37253.37;101;175313.0;39067.66;4;388;40;3;33;18;3;846;2
691;350883.0;14846.0;151276.0;49;12.63;86004.05;104;154968.0;89769.44;2;239;53;10;6;12;4;594;4
692;291607.0;7378.0;117731.0;124;48.75;49699.31;82;121013.0;50650.4;4;491;67;5;30;8;3;399;4
693;312039.0;12503.0;7254.0;7;67.56;59997.11;122;11710.0;63673.04;1;388;77;3;19;19;4;659;0
694;397046.0;18699.0;53011.0;125;94.23;9112.56;33;54454.0;11664.04;1;422;23;3;43;20;1;-1;1
695;326342.0;13349.0;54634.0;84;72.09;54930.98;104;56732.0;55464.83;3;111;92;9;48;18;5;980;0
696;177274.0;8566.0;194665.0;3;25.6;80782.53;91;199333.0;81286.83;5;467;60;9;17;5;5;449;4
697;302494.0;5213.0;148497.0;105;91.55;45180.72;73;151488.0;47514.2;4;359;35;4;31;13;1;766;4
698;10679.0;4367.0;4236.0;100;31.68;39427.34;7;8777.0;43400.65;5;491;6;1;1;13;5;429;0
699;323853.0;16752.0;36101.0;82;25.47;15349.86;70;36709.0;20075.89;5;37;86;10;9;7;2;490;1
700;107313.0;7875.0;14788.0;71;15.4;68537.31;15;18142.0;69025.85;2;263;42;3;13;8;5;634;2
701;332627.0;4858.0;169625.0;11;65.15;13545.47;75;170060.0;13651.61;3;499;55;1;32;14;5;120;1
702;106145.0;2550.0;122.0;39;50.53;88907.22;88;753.0;91985.86;5;461;98;6;16;8;3;817;0
703;302606.0;12373.0;36073.0;15;33.29;145.55;43;39394.0;2358.17;1;313;30;3;48;15;2;399;4
704;465254.0;5412.0;166721.0;66;91.22;77895.24;20;168114.0;80822.77;4;480;75;2;24;13;5;66;4
705;493552.0;8076.0;198263.0;102;53.25;9681.24;5;198530.0;11029.34;4;467;39;10;24;6;1;756;2
706;155799.0;15497.0;69352.0;96;15.39;30749.15;47;70147.0;34251.39;5;440;21;4;7;16;3;158;2
707;176934.0;9944.0;130307.0;79;83.46;75569.83;42;134884.0;77088.39;4;28;89;10;41;13;4;219;4
708;369943.0;19400.0;179738.0;111;43.59;1239.5;13;182925.0;5223.62;5;198;71;10;22;13;3;36;4
709;119025.0;17343.0;82244.0;83;46.22;62077.13;118;85335.0;64917.82;4;36;32;3;39;4;2;728;2
710;378585.0;4279.0;59123.0;99;22.99;11296.62;85;60807.0;13073.36;4;148;21;9;41;14;4;952;2
711;477694.0;2583.0;146546.0;25;62.73;71532.9;45;151545.0;71910.3;4;184;63;10;2;6;1;443;2
712;297420.0;1949.0;102159.0;54;71.49;99145.06;21;107017.0;99464.45;4;283;82;10;43;16;1;911;2
713;461851.0;9031.0;145588.0;79;22.16;663.35;40;148407.0;1938.73;1;172;16;7;15;4;4;475;0
714;352631.0;10256.0;188920.0;116;25.96;48122.09;101;189367.0;48134.49;3;354;32;2;5;18;3;985;1
715;386044.0;3540.0;149388.0;19;5.47;89972.33;74;150990.0;90053.57;2;45;54;1;14;9;1;974;2
716;137529.0;15489.0;35403.0;32;55.16;49394.86;36;38290.0;50680.81;5;191;10;5;42;17;3;349;1
717;14147.0;10241.0;86544.0;23;88.7;31322.82;5;86817.0;33752.68;5;119;99;4;20;17;1;641;0
718;225770.0;2294.0;145202.0;16;88.9;66182.64;45;146495.0;69527.9;5;140;44;8;36;12;3;984;4
719;396374.0;6153.0;16662.0;117;80.26;48228.85;24;17636.0;51847.67;2;7;2;9;48;10;1;755;1
720;359157.0;18634.0;121964.0;48;36.41;57233.13;56;126948.0;59472.95;5;352;63;6;42;6;4;75;4
721;142217.0;8551.0;26712.0;49;10.77;94964.54;19;28135.0;96068.17;4;488;86;10;22;20;4;160;2
722;249424.0;12769.0;162880.0;5;40.93;41782.25;33;163516.0;45489.27;5;236;35;1;39;18;2;283;2
723;295434.0;2782.0;172275.0;19;3.71;40353.01;24;173721.0;42420.68;1;187;58;3;10;9;1;906;0
724;333993.0;3645.0;180301.0;95;46.95;83252.11;48;180897.0;84709.84;1;199;65;10;49;8;3;965;2
725;242457.0;7383.0;21926.0;122;71.83;97657.68;82;22981.0;100211.63;2;237;89;2;44;8;3;773;1
726;388151.0;4397.0;42645.0;37;24.61;45627.94;65;47158.0;45646.76;2;385;65;4;18;1;5;52;1
727;365435.0;10518.0;40499.0;90;40.27;8297.4;76;43838.0;10274.28;2;230;53;9;36;6;4;527;4
728;306729.0;17783.0;79336.0;3;19.12;98475.17;6;84182.0;98636.24;5;131;6;5;3;6;4;589;4
729;275811.0;9859.0;144292.0;70;75.15;8610.63;95;147622.0;9092.97;2;44;37;5;3;4;5;990;4
730;225069.0;19051.0;108023.0;43;58.61;43187.31;33;109422.0;47653.17;4;69;49;1;8;10;3;940;2
731;346589.0;145.0;104230.0;72;93.68;7729.28;18;104385.0;10395.05;2;189;21;10;40;18;4;575;4
732;449645.0;8673.0;190597.0;91;91.73;9976.02;47;194780.0;11803.25;2;313;65;4;14;20;3;806;2
733;246285.0;1223.0;198734.0;61;21.76;89075.45;15;201860.0;89634.17;5;130;14;7;9;11;4;801;1
734;315500.0;9643.0;167282.0;69;2.09;80463.64;53;168486.0;82943.47;1;306;80;9;13;15;2;975;0
735;362656.0;12723.0;139679.0;68;45.42;20908.74;30;141184.0;22532.05;5;249;27;7;18;16;2;675;1
736;295620.0;3272.0;176705.0;29;68.24;46721.24;114;177649.0;51240.86;4;70;15;4;36;5;2;246;4
737;250770.0;5984.0;24591.0;48;22.08;1476.77;93;24705.0;4095.49;3;138;74;6;44;5;1;82;1
738;453218.0;10793.0;91448.0;48;29.68;17871.04;79;95070.0;19075.78;4;19;28;6;1;10;5;558;1
739;334223.0;366.0;192674.0;71;49.08;26432.36;4;195174.0;26829.21;2;365;50;3;34;4;2;659;2
740;440005.0;3697.0;44955.0;115;55.76;56615.18;8;48825.0;57030.29;2;97;71;6;7;7;4;13;1
741;366065.0;3871.0;125526.0;58;92.2;69083.32;40;126045.0;73824.3;5;355;54;7;4;15;3;917;1
742;315813.0;9901.0;173458.0;126;17.94;49772.14;64;178124.0;50623.67;1;55;64;1;41;11;3;475;4
743;195148.0;364.0;110051.0;84;21.58;49597.71;37;113836.0;54258.13;3;100;74;1;11;17;2;819;4
744;248931.0;15686.0;55380.0;54;21.49;91851.85;92;56792.0;94540.45;5;211;79;8;26;2;3;513;1
745;475565.0;303.0;25072.0;1;15.12;40142.39;86;27784.0;43815.94;5;93;35;5;1;16;5;740;4
746;328042.0;4111.0;155455.0;100;24.83;32184.73;105;156695.0;36945.85;5;355;17;4;45;9;5;900;1
747;479146.0;10466.0;86356.0;20;51.63;74395.05;40;89154.0;77504.11;2;341;69;4;35;5;3;689;0
748;43861.0;18201.0;91570.0;106;87.58;16782.64;95;95142.0;17921.53;3;17;46;6;18;19;3;135;4
749;110880.0;16814.0;101071.0;88;53.49;24674.4;16;102217.0;27272.15;3;466;17;4;49;14;5;590;2
750;140945.0;11427.0;175893.0;15;96.51;69229.1;72;176813.0;69311.24;1;350;75;10;35;16;2;340;1
751;126293.0;342.0;176304.0;61;37.36;50845.53;88;180132.0;54111.23;2;77;91;2;46;9;1;300;2
752;163894.0;2978.0;53527.0;50;36.77;72755.54;125;56496.0;77141.3;4;411;75;10;30;5;1;59;4
753;123712.0;17668.0;133803.0;30;47.46;99922.88;102;135619.0;101316.6;1;340;2;10;48;10;2;60;4
754;355687.0;5325.0;89771.0;64;12.07;37233.92;55;93204.0;37496.47;1;308;69;2;5;12;3;921;0
755;494853.0;9819.0;5341.0;17;51.3;8407.03;66;6368.0;9145.69;3;426;63;3;5;19;5;46;1
756;293529.0;11948.0;23661.0;92;94.97;91713.35;128;26556.0;93203.81;1;245;97;5;14;18;1;310;1
757;156671.0;15562.0;39210.0;75;39.9;22207.79;122;41081.0;26956.72;3;476;39;2;10;13;4;559;0
758;301227.0;9083.0;6629.0;14;6.99;24446.41;70;11165.0;29264.64;4;106;6;4;20;19;2;171;1
759;103936.0;12624.0;22505.0;81;5.84;80980.79;7;24851.0;84389.74;3;77;69;4;11;4;4;757;2
760;471133.0;18601.0;121333.0;75;73.99;21468.86;125;124958.0;23116.05;3;144;78;1;8;9;5;919;0
761;93638.0;13617.0;76284.0;28;85.3;47447.65;50;77893.0;52340.98;1;335;34;6;32;19;1;183;2
762;489799.0;19301.0;138645.0;113;52.82;85031.83;125;141314.0;89537.81;3;218;46;10;6;2;1;22;2
763;95153.0;3725.0;86948.0;75;59.61;99719.79;70;87113.0;104246.43;5;201;74;7;18;1;2;715;4
764;488187.0;14772.0;136694.0;4;38.8;39655.23;33;141125.0;40197.93;4;4;75;10;39;14;2;561;4
765;426298.0;2512.0;196973.0;3;5.17;61745.67;34;197599.0;66275.75;3;81;91;5;38;9;5;411;4
766;311512.0;14898.0;34701.0;71;51.98;34110.45;101;39668.0;35122.42;5;30;74;3;4;6;3;696;2
767;359274.0;9932.0;160993.0;64;29.14;22874.84;3;161730.0;27190.46;4;434;57;5;27;1;3;291;0
768;146271.0;11482.0;10322.0;31;28.89;66663.61;119;10386.0;67234.54;2;195;2;3;21;20;1;464;2
769;148333.0;6534.0;109430.0;118;30.09;53333.86;125;113707.0;54868.15;2;100;7;2;9;8;3;469;1
770;368344.0;19414.0;188141.0;8;82.83;48733.53;123;191018.0;51143.0;5;432;47;5;10;7;1;213;0
771;341786.0;15829.0;35959.0;19;68.76;77770.79;61;40694.0;78460.12;3;363;85;5;23;18;3;199;4
772;348988.0;10439.0;31461.0;95;52.9;2277.72;111;34924.0;4061.69;4;51;58;8;35;19;4;98;4
773;316107.0;3214.0;9807.0;120;51.62;91859.55;124;10751.0;93722.98;4;247;97;5;7;16;3;883;2
774;97095.0;16435.0;170787.0;19;29.71;90001.19;4;171683.0;90590.75;2;211;95;1;15;11;3;121;1
775;493021.0;2771.0;32966.0;66;45.46;57373.52;118;36071.0;60366.83;2;299;81;10;22;14;5;635;1
776;139349.0;9775.0;193703.0;70;65.08;11102.77;4;195279.0;13270.73;3;74;78;8;48;11;5;390;0
777;233053.0;8922.0;195341.0;54;42.1;43104.2;51;197648.0;45440.03;1;224;58;9;36;7;3;500;4
778;309298.0;17584.0;194431.0;75;37.51;78164.51;41;195487.0;79823.2;4;70;1;5;43;9;4;257;2
779;165830.0;2368.0;109514.0;83;70.95;52152.48;90;112087.0;55200.48;5;145;20;7;14;19;2;731;4
780;53811.0;11443.0;159291.0;17;89.43;22718.43;109;162580.0;24192.74;4;267;76;10;5;4;3;635;0
781;336246.0;8112.0;107904.0;1;94.79;53877.57;82;109413.0;54984.36;5;66;87;5;4;16;3;760;1
782;178443.0;5445.0;75901.0;108;19.03;14740.9;6;80786.0;15585.01;5;345;4;3;12;6;5;682;0
783;145211.0;14364.0;52751.0;97;90.78;96648.25;111;55694.0;98198.68;1;252;22;2;6;17;4;138;4
784;173143.0;10556.0;69116.0;36;1.6;64307.93;123;71518.0;69272.06;1;411;39;6;20;8;4;552;0
785;477507.0;16573.0;131192.0;109;83.5;25214.43;59;132998.0;26237.28;1;294;35;4;21;15;2;373;4
786;133602.0;9668.0;154515.0;96;1.87;1909.95;73;155411.0;4339.08;3;150;89;7;16;3;5;685;0
787;492464.0;16443.0;84716.0;5;28.25;46834.42;123;89098.0;48126.96;3;176;25;7;41;11;1;281;1
788;382122.0;18409.0;131886.0;117;76.29;23945.93;72;133293.0;27011.58;1;149;12;4;31;17;5;608;1
789;260554.0;7046.0;17056.0;93;15.51;97112.48;89;18343.0;97266.8;3;307;75;1;2;18;4;575;0
790;175773.0;8315.0;61256.0;75;19.81;72685.83;58;61510.0;73269.22;5;26;46;4;30;3;5;286;1
791;343113.0;9013.0;182046.0;57;35.2;59677.51;85;182926.0;64227.46;2;165;72;10;30;11;4;395;1
792;464958.0;10028.0;174849.0;103;31.09;75729.92;67;178047.0;79314.49;1;225;34;4;28;5;5;945;4
793;110711.0;4733.0;92933.0;61;10.6;29058.21;62;94537.0;29765.45;5;245;87;1;1;6;1;869;4
794;20638.0;8274.0;65414.0;123;16.91;67764.97;100;67712.0;67979.31;4;83;15;5;28;1;2;810;0
795;153635.0;13263.0;29770.0;70;73.63;46830.07;81;32530.0;50058.43;5;326;53;9;26;9;1;595;4
796;488510.0;15931.0;150489.0;62;40.14;26492.48;104;152263.0;29729.87;4;324;40;7;34;19;2;662;1
797;490824.0;4218.0;20102.0;93;13.36;38661.21;50;24605.0;41233.01;5;460;2;10;14;8;4;441;0
798;488849.0;503.0;191259.0;102;61.19;13440.7;127;191624.0;15373.97;2;99;56;9;38;19;1;566;0
799;182559.0;8640.0;194695.0;103;4.32;48532.95;15;199423.0;51717.92;5;272;29;6;32;8;4;889;4
800;371138.0;4036.0;152808.0;110;29.3;42625.28;42;157262.0;46523.7;1;122;78;9;47;14;5;690;4
801;214818.0;9623.0;30646.0;75;6.88;86165.49;105;30829.0;88641.49;2;6;2;10;48;3;5;651;4
802;146647.0;4596.0;133686.0;77;52.0;8192.85;63;137908.0;10761.41;1;191;55;4;33;9;5;441;2
803;45328.0;7450.0;44161.0;63;8.49;36010.49;11;47913.0;37286.45;1;292;31;10;24;3;1;632;0
804;210868.0;7524.0;12518.0;92;71.71;43277.15;67;14286.0;44524.96;3;79;46;1;45;15;3;169;4
805;166903.0;4182.0;6140.0;91;4.5;49515.56;94;8488.0;52997.71;3;256;4;7;44;9;4;959;1
806;279269.0;14643.0;159910.0;2;84.53;18757.56;24;162864.0;22058.52;4;440;77;10;33;16;5;152;4
807;149247.0;18155.0;13082.0;21;80.1;92668.79;112;13567.0;96296.26;3;451;72;6;37;7;3;253;4
808;226980.0;401.0;114189.0;97;83.2;35672.32;17;115692.0;39997.44;2;43;89;1;5;18;2;284;0
809;289183.0;9715.0;185618.0;12;37.34;4980.03;4;190185.0;8868.64;4;408;30;8;48;4;3;296;4
810;97229.0;15657.0;164456.0;52;10.28;21363.65;10;165260.0;24870.31;3;270;37;2;9;16;2;350;1
811;212718.0;17704.0;45708.0;41;87.18;6242.98;64;47589.0;6769.82;2;170;97;6;29;13;3;355;2
812;104449.0;19636.0;185789.0;25;60.01;55915.97;76;189864.0;57731.92;1;52;29;6;27;16;5;578;4
813;377191.0;10960.0;90481.0;34;8.63;33282.25;45;94129.0;33639.58;4;10;81;7;41;4;5;902;4
814;372881.0;8358.0;131350.0;114;37.02;18029.68;38;135801.0;19524.8;2;342;31;1;45;1;2;155;2
815;311092.0;9967.0;96078.0;63;50.47;5760.63;6;96502.0;9843.07;3;321;20;10;41;15;3;355;1
816;67991.0;1592.0;91021.0;39;98.91;98895.29;14;95401.0;100524.3;4;402;32;4;34;12;5;452;0
817;270510.0;596.0;139176.0;57;66.64;90204.74;39;140374.0;93863.86;2;101;28;3;1;13;5;382;4
818;89264.0;5731.0;56809.0;82;53.59;23385.65;26;57098.0;27371.59;3;364;23;3;1;4;5;195;4
819;380691.0;16306.0;156780.0;13;63.03;15714.26;69;158533.0;18199.38;2;369;46;8;46;7;2;59;1
820;296726.0;4745.0;60067.0;88;98.47;83334.09;44;61381.0;87498.98;3;13;41;6;27;9;5;950;2
821;203832.0;15468.0;110413.0;80;86.02;3681.76;72;110967.0;6968.67;2;176;93;7;11;1;2;901;2
822;147426.0;11431.0;36142.0;88;57.36;75766.11;128;37820.0;77023.75;3;158;12;6;24;4;4;623;2
823;269202.0;5554.0;109234.0;50;95.85;62998.3;110;110734.0;64298.43;3;443;19;8;42;2;1;968;4
824;451030.0;11467.0;129316.0;34;50.31;68325.09;81;132691.0;70384.54;2;422;11;4;3;6;1;8;1
825;131001.0;12491.0;3044.0;103;80.81;74925.77;64;6198.0;76183.13;5;261;30;6;39;10;2;756;0
826;496897.0;2444.0;34987.0;106;71.65;37145.16;23;39380.0;38884.52;5;183;67;4;20;20;1;647;2
827;218602.0;16342.0;1880.0;81;69.46;86671.09;81;5234.0;88635.42;1;167;72;4;16;6;5;208;0
828;146223.0;7539.0;146050.0;68;85.39;40237.85;104;147733.0;42630.32;2;418;82;4;3;8;2;820;0
829;285525.0;18591.0;168147.0;13;32.95;28064.59;91;172986.0;32648.41;4;390;64;4;47;2;3;895;4
830;266151.0;15633.0;156411.0;119;36.61;70106.31;102;157332.0;72066.78;1;144;13;9;36;8;4;964;4
831;11913.0;1706.0;110259.0;12;53.73;38108.3;41;110689.0;40081.43;5;130;39;9;22;3;3;652;0
832;113795.0;9687.0;60553.0;81;78.47;10233.94;36;64869.0;13017.84;4;105;40;9;36;12;2;339;0
833;262323.0;4091.0;97042.0;90;57.86;78832.97;90;97809.0;83812.65;2;329;5;3;13;16;1;508;1
834;331239.0;8066.0;12839.0;20;89.34;52655.84;63;17342.0;55157.53;3;333;5;1;27;14;2;788;1
835;177014.0;5657.0;107249.0;96;25.63;50481.75;7;111032.0;54144.66;1;395;89;5;49;2;4;100;4
836;232228.0;16601.0;70871.0;84;72.4;28659.77;126;71668.0;32800.85;3;82;30;7;6;16;1;690;4
837;274693.0;15159.0;161279.0;103;70.88;45823.78;29;165308.0;48444.44;5;333;5;3;24;13;4;55;4
838;143187.0;19162.0;81282.0;128;95.45;77566.14;1;83371.0;80576.59;1;342;45;3;45;18;5;270;0
839;61309.0;17709.0;62065.0;120;11.8;79848.02;24;62809.0;83807.96;2;252;38;3;42;7;3;111;4
840;254213.0;18665.0;21316.0;44;32.21;40415.13;89;25841.0;42157.73;5;171;47;4;21;17;4;256;1
841;448862.0;11550.0;175815.0;111;35.48;33476.63;9;179400.0;37424.39;2;20;17;3;21;10;2;797;2
842;136112.0;5601.0;98581.0;56;98.37;36564.23;43;99797.0;40587.1;1;171;49;8;37;10;4;690;1
843;210809.0;497.0;20572.0;93;46.52;83674.87;29;24487.0;87738.3;4;366;54;3;13;9;5;129;0
844;151426.0;6665.0;177090.0;116;19.57;30284.3;101;179685.0;32631.03;5;305;24;2;14;17;2;393;2
845;335595.0;18737.0;149479.0;2;35.07;16935.95;68;152298.0;17137.46;5;386;59;10;16;13;3;80;4
846;211911.0;18792.0;138960.0;101;9.25;15419.36;67;142226.0;18756.2;4;302;26;5;32;11;1;591;1
847;409697.0;3025.0;59946.0;79;54.2;60506.27;101;60421.0;64078.4;5;300;95;2;22;16;3;806;4
848;446828.0;6632.0;165944.0;56;25.41;19255.27;80;168801.0;19615.63;1;100;64;1;7;2;4;451;0
849;234369.0;18901.0;103024.0;12;16.52;23834.57;122;105527.0;28264.93;5;45;70;1;13;20;5;908;4
850;322336.0;15568.0;171002.0;52;29.71;51981.77;16;173345.0;54632.92;4;397;67;7;27;7;1;407;1
851;315190.0;3858.0;86122.0;15;79.41;58809.1;83;88174.0;63658.3;2;464;26;9;22;11;2;460;1
852;138741.0;16686.0;42975.0;15;77.61;37653.22;100;45342.0;42318.9;3;500;41;3;18;1;4;808;1
853;321069.0;12124.0;45907.0;5;97.01;44369.32;53;50068.0;45086.48;2;175;6;2;35;1;3;219;2
854;203728.0;2381.0;63558.0;21;18.03;46396.98;17;68427.0;49673.72;4;297;57;7;14;9;4;476;4
855;415134.0;19252.0;22215.0;2;75.87;16705.73;30;27203.0;17533.83;4;452;69;8;18;15;4;886;0
856;79718.0;16412.0;12493.0;80;70.15;93690.3;75;16933.0;95876.23;1;250;64;6;20;11;2;794;0
857;216204.0;15267.0;81486.0;125;5.97;72065.98;73;82580.0;76015.33;1;413;53;8;20;17;5;548;0
858;83211.0;11000.0;177369.0;26;81.8;99104.96;99;180428.0;102735.21;5;207;24;1;50;5;5;857;0
859;417100.0;19322.0;45776.0;56;67.35;98741.83;96;49622.0;99935.09;5;326;46;3;17;12;4;161;4
860;55598.0;1999.0;75317.0;103;29.21;56873.3;46;76587.0;61858.65;3;491;37;3;20;11;2;179;2
861;185049.0;8023.0;51895.0;57;8.87;55825.17;9;54120.0;60545.03;5;97;4;6;45;4;1;248;0
862;193129.0;10994.0;164187.0;107;6.95;32261.69;88;167556.0;33751.58;4;185;43;8;45;6;3;419;2
863;180351.0;14151.0;132447.0;18;3.67;14104.05;22;132671.0;14798.86;5;199;8;1;35;20;3;191;2
864;116504.0;12389.0;17375.0;36;90.42;80568.64;126;19312.0;81926.21;2;82;50;3;49;1;1;500;0
865;191933.0;13953.0;101518.0;126;60.38;98895.21;67;106089.0;99929.01;5;307;4;5;34;16;3;220;0
866;10155.0;15818.0;14992.0;60;56.43;74511.71;75;17231.0;77447.13;2;69;14;2;43;13;3;917;0
867;157603.0;9845.0;128621.0;85;64.8;62192.71;13;131223.0;66604.39;5;479;96;5;26;13;4;635;1
868;163168.0;6884.0;175053.0;89;1.79;65171.03;14;176196.0;66709.68;4;313;5;4;33;13;1;551;0
869;474878.0;17660.0;425.0;58;36.88;73005.31;95;4161.0;76705.61;5;493;47;10;1;19;1;923;2
870;415825.0;9708.0;84926.0;30;2.67;58011.86;107;89458.0;61568.31;2;260;29;9;49;3;4;54;4
871;367746.0;15847.0;62598.0;67;88.56;10870.0;51;63799.0;11030.75;1;362;86;10;43;2;1;538;2
872;324177.0;7146.0;21894.0;36;65.9;87500.57;70;26432.0;88575.23;5;454;81;6;48;3;1;872;1
873;344735.0;7379.0;42342.0;115;28.26;36666.76;74;44374.0;41651.52;5;452;27;8;32;10;3;465;2
874;198996.0;18866.0;145984.0;63;34.81;73633.84;76;150895.0;75922.51;5;311;82;4;39;18;5;216;1
875;217077.0;7541.0;128207.0;44;19.15;1658.22;36;130175.0;2793.78;1;169;16;9;21;13;2;275;4
876;123734.0;9152.0;198964.0;53;46.58;99901.02;46;203269.0;103932.87;1;274;58;5;50;18;2;215;4
877;305107.0;737.0;35302.0;59;46.94;77121.18;61;40101.0;77697.28;4;365;93;5;20;8;4;876;0
878;194871.0;12440.0;83800.0;8;33.28;7788.71;120;87247.0;9362.86;2;439;47;6;23;11;3;486;0
879;69527.0;18320.0;51020.0;98;80.57;93992.64;117;54387.0;96124.19;3;159;81;4;47;13;1;995;4
880;103381.0;16405.0;69925.0;46;69.91;6256.99;35;71340.0;7026.23;1;77;67;5;5;13;1;483;2
881;451329.0;15483.0;51691.0;74;82.24;3191.09;50;55073.0;7868.31;4;11;97;7;3;4;4;883;0
882;145122.0;7567.0;118752.0;30;44.96;65893.54;12;123245.0;69645.16;2;163;90;2;39;13;3;950;1
883;168163.0;5766.0;85893.0;34;45.84;97602.9;85;89468.0;100504.53;1;279;20;9;35;8;4;518;4
884;446982.0;2568.0;33448.0;101;20.24;17282.77;4;35030.0;18998.41;2;484;30;6;34;7;3;521;0
885;172602.0;5555.0;179882.0;46;62.87;44247.7;50;181604.0;47607.31;2;183;54;8;39;15;5;29;4
886;211073.0;748.0;120721.0;23;40.75;51314.6;16;123647.0;52338.48;3;383;63;4;37;15;4;967;1
887;175483.0;5837.0;187904.0;3;70.43;45894.58;32;188973.0;48674.29;4;339;95;4;32;2;1;886;0
888;99583.0;6898.0;13388.0;46;3.85;55110.99;21;16684.0;55525.61;3;404;72;9;6;10;4;928;1
889;481291.0;18925.0;193536.0;114;97.03;13459.34;9;197964.0;13819.17;5;342;82;2;29;10;1;521;4
890;330197.0;5208.0;146767.0;70;99.96;91502.85;37;149570.0;94228.53;3;213;48;3;32;12;2;449;1
891;39354.0;5311.0;26415.0;77;34.6;14043.27;13;27311.0;14873.06;4;422;63;6;43;8;1;134;2
892;66837.0;670.0;135827.0;45;79.47;63094.53;4;139645.0;66284.84;3;160;32;8;14;19;5;121;1
893;436130.0;6433.0;158970.0;33;49.07;46913.18;81;160647.0;51446.25;1;68;51;8;37;10;1;763;2
894;28974.0;736.0;167873.0;16;95.58;60764.25;1;171812.0;65422.1;2;354;24;6;46;6;3;401;0
895;286007.0;13143.0;72869.0;58;59.98;69562.13;54;76423.0;74545.26;2;78;28;3;19;12;1;140;4
896;408873.0;1580.0;27988.0;62;9.26;50564.54;44;28025.0;50776.92;5;474;69;1;28;4;3;475;0
897;380946.0;12428.0;54229.0;64;38.27;48049.44;127;58452.0;52467.43;4;170;63;2;11;2;1;536;1
898;363119.0;9519.0;139726.0;4;7.67;39814.17;1;141840.0;40101.33;1;313;99;6;33;2;4;243;0
899;366090.0;12029.0;37848.0;59;12.24;1310.28;65;42606.0;5181.59;3;419;7;6;49;7;4;889;2
900;193329.0;17316.0;29188.0;128;79.5;13859.02;22;31601.0;14841.08;1;348;29;4;10;16;3;806;0
901;482864.0;15469.0;76732.0;12;49.5;25039.33;85;79132.0;26066.87;5;266;70;2;43;17;1;236;2
902;42135.0;6007.0;60895.0;64;43.05;42986.21;113;62830.0;44224.97;5;91;22;4;39;10;3;328;4
903;324735.0;16051.0;185145.0;90;44.3;74237.55;72;186194.0;75774.02;1;468;79;1;37;15;1;97;2
904;389498.0;805.0;56631.0;116;49.8;89166.17;67;60743.0;91735.92;2;481;56;8;3;15;5;686;4
905;175630.0;8070.0;38786.0;27;99.14;64103.77;110;40259.0;65555.36;3;309;50;2;20;12;2;537;2
906;134066.0;9130.0;115169.0;75;66.79;34176.31;29;115726.0;36840.3;4;198;36;7;7;7;3;206;1
907;395493.0;9599.0;21816.0;56;65.84;48621.48;14;24840.0;51779.39;1;386;84;4;23;19;1;858;1
908;306207.0;3939.0;67966.0;7;63.53;25920.52;92;69766.0;26256.96;1;262;13;5;9;12;5;328;1
909;234985.0;3422.0;191325.0;75;91.66;18332.42;8;196315.0;21110.07;5;364;6;10;1;8;2;93;1
910;163246.0;10229.0;101032.0;93;33.25;99665.19;97;101958.0;100514.62;5;467;23;9;47;15;3;124;0
911;425533.0;6570.0;194870.0;121;85.42;66040.21;10;195412.0;66486.57;2;478;37;7;47;5;4;616;2
912;34190.0;3319.0;135827.0;68;46.76;70944.15;65;138104.0;72543.85;3;26;8;6;19;1;1;42;4
913;82144.0;2991.0;167349.0;74;40.75;84842.24;26;170603.0;85845.96;2;69;3;9;38;19;2;838;1
914;450841.0;17095.0;1824.0;50;67.54;54834.98;62;4060.0;58428.75;3;445;100;8;47;8;2;77;1
915;161526.0;1804.0;153924.0;16;98.42;20354.48;99;155230.0;20488.35;5;431;7;3;36;6;1;471;4
916;478514.0;6749.0;153622.0;78;7.14;72134.48;117;153736.0;76611.55;3;91;78;8;5;20;4;635;1
917;285077.0;16162.0;43875.0;123;43.02;35293.11;55;46017.0;39371.02;3;111;19;2;18;8;2;49;1
918;195189.0;18236.0;7736.0;127;38.23;85113.13;91;9633.0;87068.37;3;176;2;4;35;20;2;481;2
919;463746.0;914.0;53505.0;55;96.85;87933.94;98;55829.0;91806.36;4;175;36;1;8;10;3;812;4
920;180853.0;7857.0;165580.0;71;1.34;2655.17;85;169858.0;3557.16;5;145;61;4;25;13;5;568;1
921;303783.0;14616.0;102781.0;59;5.84;38234.86;72;105699.0;38463.33;4;204;64;6;25;8;2;208;0
922;85615.0;17886.0;27429.0;9;26.56;89196.15;43;31230.0;93591.6;1;453;38;9;26;8;1;258;1
923;306025.0;5740.0;135400.0;42;86.51;25602.38;71;135522.0;29328.44;2;292;20;10;2;5;4;980;1
924;269975.0;2353.0;133886.0;41;31.94;1860.37;35;135537.0;5236.06;3;377;68;5;19;11;1;393;2
925;222815.0;6634.0;188689.0;55;91.63;70819.91;27;191041.0;72104.82;2;133;5;8;50;15;1;775;1
926;323934.0;1838.0;73836.0;80;83.62;64957.49;84;76184.0;69938.01;5;336;98;4;37;5;2;818;2
927;227930.0;3441.0;43683.0;118;19.45;59537.38;70;44747.0;61983.08;2;251;100;3;40;6;2;877;1
928;408237.0;5619.0;58370.0;120;70.45;84198.79;99;58641.0;84539.62;4;87;19;6;20;13;1;847;0
929;269163.0;12061.0;9556.0;91;5.67;81723.29;89;13406.0;86702.36;3;296;15;3;21;17;4;584;4
930;199736.0;18158.0;85325.0;2;68.4;63098.15;112;86837.0;64261.29;1;338;55;7;5;20;5;906;4
931;386208.0;11887.0;141857.0;81;32.0;29361.08;97;145076.0;31049.87;1;277;98;2;7;7;2;705;0
932;204089.0;4551.0;128735.0;53;42.37;61091.88;19;133732.0;61765.44;4;399;15;7;46;8;4;433;0
933;266382.0;8542.0;163816.0;14;92.31;10698.7;55;168139.0;14971.84;4;224;22;9;39;14;3;228;4
934;490333.0;9078.0;193414.0;16;50.97;59516.61;1;194641.0;64208.43;1;230;15;6;17;7;5;144;1
935;252311.0;6589.0;58617.0;106;18.16;63337.78;60;62609.0;64133.83;2;205;5;3;22;4;5;247;2
936;281693.0;12072.0;151495.0;38;17.67;45358.22;112;153771.0;48650.71;3;392;7;4;8;18;2;300;1
937;97200.0;15716.0;125193.0;7;41.13;92838.24;33;127504.0;94135.79;1;139;96;1;17;19;1;832;2
938;102616.0;13848.0;168691.0;107;33.94;71847.63;109;170608.0;72617.26;4;401;93;10;16;6;5;279;2
939;376539.0;6719.0;88180.0;99;89.56;77143.16;8;89276.0;81842.09;3;15;33;8;33;17;4;922;4
940;164052.0;4051.0;55237.0;33;44.3;3339.49;51;55688.0;4656.31;2;430;9;5;20;5;5;887;4
941;76004.0;17989.0;158264.0;9;89.0;9956.78;4;160637.0;12690.9;1;316;26;7;16;13;4;154;1
942;237854.0;12169.0;117640.0;72;44.05;17881.06;100;118563.0;18083.55;5;38;45;9;20;17;3;465;0
943;424734.0;3057.0;15555.0;122;34.21;99647.51;112;18023.0;101212.79;4;422;61;7;17;5;4;14;0
944;120298.0;10892.0;128493.0;36;89.66;86055.26;114;129520.0;86968.53;4;175;55;7;10;11;2;7;4
945;310904.0;1304.0;176374.0;127;97.47;92628.68;22;180731.0;94903.15;4;235;85;8;11;9;4;320;1
946;314571.0;10210.0;23615.0;94;89.57;73236.53;108;25469.0;74749.02;1;329;48;10;36;4;5;196;1
947;196428.0;7130.0;134288.0;55;2.3;35187.89;98;135143.0;36364.98;4;308;36;2;12;11;1;959;2
948;399600.0;4442.0;178698.0;19;76.75;89207.3;27;182132.0;92929.46;4;91;58;10;12;15;4;691;2
949;372113.0;14504.0;37035.0;40;58.11;51111.95;86;41279.0;55027.74;1;427;95;9;17;17;1;541;4
950;321309.0;11747.0;140613.0;118;26.7;54697.72;128;141990.0;58526.92;2;475;49;1;1;7;1;397;1
951;333244.0;19327.0;137831.0;62;3.98;35059.88;100;142035.0;37750.06;2;243;62;4;50;4;3;741;4
952;290872.0;9438.0;136718.0;29;4.06;94557.58;107;138527.0;94762.72;3;461;35;9;47;12;2;330;0
953;158536.0;16799.0;93370.0;82;54.09;36335.18;114;98204.0;37658.36;1;47;60;8;11;17;1;307;1
954;482837.0;11753.0;104727.0;108;98.68;7662.47;109;106208.0;9751.61;5;35;10;6;9;2;5;323;4
955;125354.0;15779.0;467.0;94;77.16;54816.8;121;3129.0;57899.59;1;367;7;6;15;3;5;501;1
956;170247.0;15809.0;9396.0;81;75.01;89198.17;95;13417.0;91476.55;4;231;40;4;43;12;4;298;1
957;77445.0;8166.0;55560.0;99;90.96;88761.64;63;60226.0;92728.89;5;99;39;5;41;14;3;619;4
958;494683.0;10020.0;23051.0;83;22.91;12573.88;53;28025.0;14845.72;4;130;61;1;10;4;4;662;2
959;135082.0;7236.0;168579.0;61;35.01;55389.5;120;172167.0;55551.67;5;440;59;8;5;20;4;482;1
960;411817.0;9295.0;110199.0;113;59.58;80787.85;117;112937.0;81773.46;4;124;26;10;47;15;5;352;4
961;33539.0;8090.0;143451.0;23;4.22;4830.16;86;148045.0;8031.17;1;172;50;2;34;7;3;288;2
962;322739.0;11813.0;157260.0;50;7.03;17922.31;7;160173.0;18332.38;2;271;90;8;26;17;3;267;1
963;30167.0;13468.0;103539.0;51;4.36;44704.17;72;106161.0;45652.1;5;56;55;1;9;13;5;420;2
964;125155.0;779.0;187700.0;53;92.57;82452.65;49;190394.0;84539.17;2;473;48;7;18;11;5;92;4
965;443048.0;7101.0;178586.0;48;46.66;10260.56;106;183458.0;15185.24;3;43;10;7;5;18;2;894;2
966;159208.0;12520.0;14269.0;86;40.89;17117.03;106;17328.0;19148.93;2;481;90;3;47;19;3;266;4
967;450443.0;3136.0;148597.0;116;61.72;8380.1;80;152375.0;12054.54;4;282;17;3;10;18;3;879;2
968;288005.0;7737.0;170289.0;87;69.19;58089.97;89;171933.0;60033.95;5;448;50;1;40;4;4;881;4
969;40380.0;7340.0;126759.0;89;19.74;41626.75;75;129698.0;44797.84;1;186;94;1;49;18;3;596;4
970;78995.0;10192.0;23042.0;68;45.29;75265.6;46;25240.0;80071.18;1;95;18;2;35;9;1;89;4
971;115775.0;4166.0;158817.0;18;96.74;2750.32;9;162981.0;4550.6;4;291;38;9;3;6;3;317;2
972;261258.0;4628.0;89882.0;6;72.58;28873.23;60;89972.0;31694.54;3;494;47;3;27;6;3;3;1
973;184546.0;13980.0;136754.0;105;46.31;10848.37;102;140957.0;13303.06;5;13;97;5;7;18;2;69;4
974;463875.0;11474.0;42448.0;125;97.06;90054.27;3;46324.0;91797.35;1;315;49;10;44;14;5;835;0
975;12383.0;13379.0;166063.0;117;91.91;73451.27;40;168026.0;77988.09;3;118;34;1;38;3;1;573;1
976;314680.0;3156.0;165640.0;27;40.62;8846.95;100;169242.0;10775.83;4;222;84;9;37;18;1;735;2
977;444696.0;18062.0;178357.0;31;86.51;12401.28;22;181764.0;17167.1;2;25;67;6;35;8;2;767;0
978;210343.0;3349.0;2579.0;74;61.41;92957.54;97;3174.0;96629.55;4;219;40;1;9;3;5;328;1
979;38083.0;4340.0;68447.0;10;90.66;14295.05;13;73413.0;16861.71;5;50;46;8;48;19;4;596;0
980;124878.0;6058.0;58583.0;59;0.99;5016.63;17;59153.0;5428.96;5;346;88;3;10;20;5;193;0
981;490237.0;15868.0;101815.0;13;68.22;74864.85;22;102183.0;78008.72;1;283;54;2;24;1;5;596;2
982;427766.0;5432.0;48380.0;110;83.67;53127.49;83;48957.0;54084.77;5;41;64;10;37;2;4;993;1
983;52201.0;6745.0;107155.0;121;55.17;35479.16;13;111947.0;37113.41;4;39;10;3;28;11;5;77;1
984;191748.0;12244.0;133855.0;105;14.77;17359.85;23;135110.0;18522.93;5;94;83;6;27;19;5;996;1
985;360651.0;1733.0;171995.0;71;30.23;72565.74;24;172014.0;77543.44;4;115;66;1;41;13;5;189;0
986;288098.0;10587.0;14350.0;51;92.49;98460.16;3;17701.0;101556.97;3;260;59;4;33;7;5;603;2
987;479926.0;11184.0;167239.0;22;3.26;37024.75;5;170960.0;37461.47;4;150;29;4;26;13;3;373;4
988;377982.0;6861.0;126550.0;90;27.66;31546.22;5;130012.0;33270.14;5;352;94;1;2;7;3;484;1
989;244671.0;5972.0;113220.0;38;91.56;65939.18;87;115723.0;68467.77;2;301;10;4;38;16;5;815;0
990;97489.0;400.0;77440.0;110;64.94;20759.9;79;79048.0;22185.84;5;405;34;9;42;13;5;672;0
991;128585.0;4872.0;8880.0;96;48.65;42607.1;64;13637.0;45523.95;1;52;41;4;11;4;2;528;4
992;214013.0;13952.0;140566.0;54;52.09;99631.61;72;144514.0;104296.77;1;248;7;8;3;12;4;467;4
993;189236.0;6852.0;118005.0;67;19.99;88709.75;27;118948.0;90437.4;5;121;12;6;18;1;2;67;1
994;320130.0;16847.0;61260.0;77;91.82;63105.41;122;62944.0;63644.95;1;153;77;4;5;8;2;328;0
995;367280.0;13057.0;28807.0;21;25.74;90134.12;82;33521.0;94243.1;3;452;27;3;17;14;4;192;4
996;322192.0;18098.0;161262.0;70;58.87;37601.28;35;164876.0;40036.01;2;233;83;2;9;7;5;25;0
997;328835.0;9905.0;19916.0;19;13.92;78977.51;90;19981.0;83305.98;3;40;43;1;50;10;2;274;2
998;46480.0;4129.0;194686.0;26;90.33;71731.52;102;197448.0;76606.74;5;261;96;2;6;16;3;99;2
999;251012.0;8335.0;101935.0;118;66.14;68050.03;94;105284.0;72649.54;5;97;6;10;37;9;4;592;0
1000;266678.0;14843.0;87043.0;14;83.61;81099.1;109;87830.0;81640.71;3;99;66;1;50;4;5;622;0
